name,n_nodes,predicted_cell_type,stage1_correct,neurite_macro_f1,macro_f1,accuracy,n_apical_gt,n_basal_gt,n_axon_gt
neuromorpho__02-10-14-A.swc,3914,pyramidal,False,0.3358,0.5572,0.5056,0,1978,1935
neuromorpho__02-10-14-B1.swc,3125,pyramidal,False,0.1973,0.4649,0.2461,0,2897,227
neuromorpho__02-10-14-B2.swc,6283,pyramidal,False,0.3868,0.5912,0.6309,0,3963,2319
neuromorpho__02-10-14-C.swc,9299,pyramidal,False,1.0,1.0,1.0,0,3862,5436
neuromorpho__03-10-14-A.swc,1584,pyramidal,False,0.4707,0.6472,0.8895,0,1408,175
neuromorpho__03-10-14-B.swc,3745,interneuron,True,0.8448,0.8965,0.8449,0,1988,1756
neuromorpho__04-08-15-B.swc,2014,interneuron,True,0.2308,0.4872,0.3004,0,1895,118
neuromorpho__051217_cell1_L1.swc,3331,interneuron,True,1.0,1.0,1.0,0,726,2604
neuromorpho__051217_cell2_L1.swc,3880,interneuron,True,0.8436,0.8957,0.9562,0,379,3500
neuromorpho__051217_cell3_L23.swc,4272,interneuron,True,1.0,1.0,1.0,0,240,4031
neuromorpho__051217_cell4_L23.swc,5927,interneuron,True,0.9311,0.9541,0.9882,0,301,5625
neuromorpho__051217_cell6_L1.swc,3309,interneuron,True,1.0,1.0,1.0,0,96,3212
neuromorpho__06-11-15-B.swc,16105,interneuron,True,0.8976,0.9318,0.9444,0,3056,13048
neuromorpho__061217_cell2_L1.swc,5387,interneuron,True,0.5462,0.6974,0.9642,0,205,5181
neuromorpho__061217_cell3_L1.swc,5705,interneuron,True,1.0,1.0,1.0,0,539,5165
neuromorpho__061217_cell4_L23.swc,1794,interneuron,True,0.8517,0.9011,0.932,0,298,1495
neuromorpho__061217_cell5_L23.swc,6006,interneuron,True,1.0,1.0,1.0,0,521,5484
neuromorpho__061217_cell7_L5.swc,7142,interneuron,True,0.9657,0.9772,0.992,0,472,6669
neuromorpho__061217_cell8_L5.swc,1411,interneuron,True,1.0,1.0,1.0,0,127,1283
neuromorpho__071207_cell1_L1.swc,2351,interneuron,True,1.0,1.0,1.0,0,151,2199
neuromorpho__071217_cell3_L1.swc,3399,interneuron,True,1.0,1.0,1.0,0,97,3301
neuromorpho__08-10-14-A.swc,15319,interneuron,True,1.0,1.0,1.0,0,2930,12388
neuromorpho__08-10-15-C.swc,606,interneuron,True,0.4271,0.6181,0.7459,0,451,154
neuromorpho__081217_cell1_L1GFP.swc,3528,interneuron,True,0.9992,0.9994,0.9997,0,326,3201
neuromorpho__081217_cell5_L23.swc,1733,interneuron,True,0.0451,0.5226,0.0237,0,1732,0
neuromorpho__08oct2015c3.swc,1248,pyramidal,False,0.7287,0.8191,0.8365,0,290,957
neuromorpho__10-07-15-A.swc,11201,interneuron,True,1.0,1.0,1.0,0,1124,10076
neuromorpho__110412-s3-2.swc,21668,interneuron,True,1.0,1.0,1.0,0,216,21451
neuromorpho__13-01-15-B.swc,12679,interneuron,True,0.7887,0.8592,0.795,0,6396,6282
neuromorpho__13-1-15-A-A2.swc,4588,interneuron,True,0.8504,0.9002,0.9422,0,364,4223
neuromorpho__13-1-15-A-A3.swc,1032,interneuron,True,1.0,1.0,1.0,0,931,100
neuromorpho__13-1-15-A-A4.swc,1591,interneuron,True,0.4603,0.6402,0.8529,0,1558,32
neuromorpho__13-1-15-A-A5.swc,422,interneuron,True,1.0,1.0,1.0,0,421,0
neuromorpho__13-10-15-A.swc,12821,interneuron,True,1.0,1.0,1.0,0,1634,11186
neuromorpho__14-1-15-A-A1.swc,7904,interneuron,True,0.7692,0.8462,0.8908,0,652,7251
neuromorpho__14-1-15-A-A2sep.swc,31209,pyramidal,False,0.6556,0.7704,0.9774,0,863,30345
neuromorpho__14-1-15-A-A3.swc,9548,interneuron,True,1.0,1.0,1.0,0,2388,7159
neuromorpho__14-1-15-A-A4.swc,3584,interneuron,True,0.4671,0.6447,0.8764,0,3140,443
neuromorpho__14-1-15-A-A5.swc,1303,interneuron,True,0.4794,0.6529,0.921,0,1199,103
neuromorpho__14-1-15-A-A6.swc,8860,interneuron,True,0.9234,0.9489,0.9742,0,709,8150
neuromorpho__14-1-15-A-B1.swc,599,interneuron,True,0.4805,0.6536,0.9249,0,553,45
neuromorpho__141113c1.swc,14377,pyramidal,False,1.0,1.0,1.0,0,1202,13174
neuromorpho__16-06-15-A.swc,1413,interneuron,True,0.4928,0.6619,0.9717,0,1372,40
neuromorpho__16-06-15-C.swc,11914,interneuron,True,0.9597,0.9731,0.9935,0,466,11447
neuromorpho__160801_SAC1_007updated.swc,1960,interneuron,True,1.0,1.0,1.0,0,1959,0
neuromorpho__160801_SAC3_007.swc,2959,interneuron,True,0.315,0.6575,0.1872,0,2958,0
neuromorpho__160802_SAC2_005_avgupdated.swc,3407,interneuron,True,0.0255,0.5128,0.0132,0,3406,0
neuromorpho__161027_SAC5.swc,3779,interneuron,True,0.0058,0.5029,0.0032,0,3778,0
neuromorpho__161212_SAC1updated.swc,4422,interneuron,True,0.0005,0.5002,0.0005,0,4421,0
neuromorpho__170519_SAC10updated.swc,4109,interneuron,True,0.1382,0.5691,0.0745,0,4108,0
neuromorpho__19-3-15-A.swc,17135,interneuron,True,1.0,1.0,1.0,0,1973,15161
neuromorpho__20-08-15-B.swc,11932,interneuron,True,1.0,1.0,1.0,0,775,11156
neuromorpho__20120320SC2-1.swc,2469,pyramidal,False,1.0,1.0,1.0,0,384,2084
neuromorpho__20120320SC2-2.swc,2412,pyramidal,False,0.9155,0.9437,0.9838,0,141,2270
neuromorpho__20160208_2_2.swc,103,interneuron,True,1.0,1.0,1.0,0,102,0
neuromorpho__2110-Bis.swc,4527,pyramidal,False,0.5,0.6667,0.2295,0,1038,3488
neuromorpho__231116c1.swc,5215,pyramidal,False,0.5,0.6667,0.0725,0,377,4837
neuromorpho__24-07-15-A.swc,2362,interneuron,True,0.4309,0.6206,0.7574,0,1864,497
neuromorpho__24-07-15-B.swc,2779,interneuron,True,1.0,1.0,1.0,0,576,2202
neuromorpho__25-02-15-C1.swc,3330,interneuron,True,0.4928,0.6619,0.9718,0,3235,94
neuromorpho__25-02-15-C2.swc,3275,interneuron,True,0.9997,0.9998,0.9997,0,1777,1497
neuromorpho__25-11-14-A-A1.swc,8223,interneuron,True,0.9487,0.9658,0.9837,0,649,7573
neuromorpho__25-11-14-A-A5.swc,14077,interneuron,True,1.0,1.0,1.0,0,3082,10994
neuromorpho__25-11-14-A-A6.swc,2885,pyramidal,False,0.2971,0.5314,0.4229,0,2727,157
neuromorpho__25-11-14-A-B2.swc,2826,pyramidal,False,0.3255,0.5503,0.4827,0,2633,192
neuromorpho__25-11-14-B2.swc,10059,interneuron,True,1.0,1.0,1.0,0,2601,7457
neuromorpho__26-11-14-A-A4b.swc,30568,interneuron,True,0.8934,0.929,0.9346,0,4922,25645
neuromorpho__26-11-14-A-A6.swc,10306,pyramidal,False,0.8684,0.9122,0.7146,0,7056,3249
neuromorpho__26-2-15-A.swc,6919,interneuron,True,1.0,1.0,1.0,0,1289,5629
neuromorpho__26-2-15-C.swc,16762,interneuron,True,1.0,1.0,1.0,0,1110,15651
neuromorpho__261015c2.swc,1506,pyramidal,False,0.3329,0.5553,0.4993,0,837,668
neuromorpho__27-11-14-B.swc,5424,pyramidal,False,0.258,0.5054,0.3479,0,3562,1861
neuromorpho__281015c1.swc,1685,pyramidal,False,0.2754,0.5169,0.2404,0,1063,621
neuromorpho__31-07-15-B.swc,15607,interneuron,True,0.9388,0.9592,0.9864,0,815,14791
neuromorpho__35_7.swc,345,interneuron,True,0.4945,0.7473,0.3304,0,344,0
neuromorpho__44_2.swc,461,interneuron,True,0.3774,0.6887,0.2343,0,460,0
neuromorpho__5-27-11cell1-nonFS-BC.swc,6376,pyramidal,False,0.2457,0.4972,0.3259,0,4263,2112
neuromorpho__5Ht3aCre-SABI-010518S1-v1.swc,7198,interneuron,True,0.9921,0.9947,0.9928,0,2568,4629
neuromorpho__5Ht3aCre-SABI-010518S2D-v1.swc,5217,pyramidal,False,1.0,1.0,1.0,0,2125,3091
neuromorpho__5Ht3aCre-SABI-010518S2V-v1.swc,18480,interneuron,True,0.987,0.9914,0.994,0,2417,16062
neuromorpho__5Ht3aCre-SABI-092717Cell4-v1.swc,11017,interneuron,True,1.0,1.0,1.0,0,3425,7591
neuromorpho__8may2015c1.swc,3626,pyramidal,False,0.4902,0.6601,0.3933,0,1482,2143
neuromorpho__9-07-15-B1.swc,371,interneuron,True,0.4676,0.6451,0.8787,0,325,45
neuromorpho__9-10-14-A.swc,4400,interneuron,True,0.4515,0.6343,0.8232,0,4254,145
neuromorpho__9-10-14-B.swc,12562,interneuron,True,1.0,1.0,1.0,0,1384,11177
neuromorpho__99_1.swc,309,interneuron,True,0.1988,0.5994,0.1133,0,308,0
neuromorpho__a151123-1_VIP_IN_only_dendrite.swc,582,interneuron,True,0.986,0.993,0.9725,0,581,0
neuromorpho__a151123-2_VIP_IN.swc,3619,pyramidal,False,0.5,0.6667,0.1332,0,481,3137
neuromorpho__a151123-3_VIP_IN_only_dendrite.swc,496,interneuron,True,0.9929,0.9964,0.9859,0,495,0
neuromorpho__a151124-1_VIP_IN_only_dendrite.swc,750,interneuron,True,0.996,0.998,0.992,0,749,0
neuromorpho__a151124-2_VIP_IN.swc,3213,interneuron,True,0.1651,0.4434,0.1979,0,635,2577
neuromorpho__a151124-3_VIP_IN_only_dendrite.swc,947,interneuron,True,0.9305,0.9652,0.8701,0,946,0
neuromorpho__A151125-2_VIP_IN.swc,2558,interneuron,True,0.5351,0.6901,0.5852,0,1167,1390
neuromorpho__A151125-3_VIP_IN.swc,2304,interneuron,True,0.8293,0.8862,0.8737,0,1593,710
neuromorpho__A151125-4_VIP_IN.swc,5117,interneuron,True,0.9457,0.9638,0.9623,0,1237,3879
neuromorpho__A151215-1_VIP_IN.swc,4995,interneuron,True,1.0,1.0,1.0,0,1090,3904
neuromorpho__A151218-02_VIP_IN.swc,4353,pyramidal,False,1.0,1.0,1.0,0,978,3374
neuromorpho__A160218-03_VIP_IN.swc,2835,pyramidal,False,0.5,0.6667,0.8127,0,531,2303
neuromorpho__AAS10.swc,344,pyramidal,False,0.2228,0.6114,0.1279,0,343,0
neuromorpho__AAS13.swc,520,pyramidal,False,0.3957,0.6978,0.2481,0,519,0
neuromorpho__AAS14.swc,2266,pyramidal,False,0.0053,0.5026,0.0031,0,2265,0
neuromorpho__AAS15.swc,1164,pyramidal,False,0.3181,0.6591,0.1899,0,1163,0
neuromorpho__AAS17.swc,437,interneuron,True,1.0,1.0,1.0,0,436,0
neuromorpho__AAS2.swc,3325,pyramidal,False,0.0078,0.5039,0.0042,0,3324,0
neuromorpho__AAS4.swc,1215,interneuron,True,0.3561,0.6781,0.2173,0,1214,0
neuromorpho__AAS5.swc,1692,pyramidal,False,0.4115,0.7057,0.2595,0,1691,0
neuromorpho__AAS6.swc,3033,pyramidal,False,0.5,0.6667,0.4883,0,1552,1480
neuromorpho__AAS8.swc,2575,interneuron,True,0.7342,0.8671,0.5802,0,2574,0
neuromorpho__AAS9.swc,1229,interneuron,True,0.9373,0.9686,0.882,0,1228,0
neuromorpho__B13a.swc,23693,interneuron,True,0.98,0.9867,0.9834,0,7061,16631
neuromorpho__B15a.swc,6786,pyramidal,False,0.6656,0.8328,0.4988,0,6785,0
neuromorpho__BC110530F_01.swc,117468,interneuron,True,0.8538,0.9026,0.9563,0,12126,105341
neuromorpho__BC111209D_02.swc,65383,interneuron,True,1.0,1.0,1.0,0,7339,58043
neuromorpho__BC120209A_03.swc,106653,interneuron,True,0.8628,0.9085,0.9524,0,12782,93870
neuromorpho__BC120301A_04.swc,105857,interneuron,True,0.7758,0.8505,0.9151,0,15695,90161
neuromorpho__BC120830F_05.swc,86607,interneuron,True,1.0,1.0,1.0,0,9408,77198
neuromorpho__BC130207C_06.swc,57603,interneuron,True,1.0,1.0,1.0,0,9594,48008
neuromorpho__BC130221A_07.swc,88031,interneuron,True,1.0,1.0,1.0,0,8587,79443
neuromorpho__BC130311C_09.swc,120347,interneuron,True,0.5565,0.7044,0.869,0,17540,102806
neuromorpho__BC130318C_10.swc,100593,interneuron,True,1.0,1.0,1.0,0,15891,84701
neuromorpho__BC130403A_11.swc,91776,interneuron,True,0.784,0.856,0.9007,0,16724,75051
neuromorpho__BC130403B_12.swc,118116,interneuron,True,0.8721,0.9148,0.9604,0,12329,105786
neuromorpho__BC130405C_13.swc,136158,interneuron,True,0.8755,0.917,0.9588,0,15008,121149
neuromorpho__BC130503A_15.swc,126401,interneuron,True,0.8531,0.902,0.9637,0,10646,115754
neuromorpho__BC130514A_16.swc,62020,interneuron,True,0.9315,0.9543,0.952,0,15529,46490
neuromorpho__BC130705A_17.swc,61122,interneuron,True,1.0,1.0,1.0,0,6330,54791
neuromorpho__BC130805A_18.swc,97342,interneuron,True,1.0,1.0,1.0,0,9411,87930
neuromorpho__BC130819B_19.swc,85710,interneuron,True,0.8648,0.9099,0.9519,0,10523,75186
neuromorpho__BC130916B_20.swc,117489,interneuron,True,0.8441,0.8961,0.9451,0,14700,102788
neuromorpho__BC140212B_21.swc,65330,interneuron,True,0.8188,0.8792,0.9222,0,10524,54805
neuromorpho__BC140213F_22.swc,68356,interneuron,True,0.8721,0.9147,0.9381,0,11691,56664
neuromorpho__BC140219A_23.swc,64196,interneuron,True,0.8819,0.9212,0.9492,0,9288,54907
neuromorpho__BC140224A_24.swc,104924,interneuron,True,1.0,1.0,1.0,0,4716,100207
neuromorpho__BC140226A_25.swc,90085,interneuron,True,0.6762,0.7841,0.8847,0,14085,75999
neuromorpho__BC150106A_26.swc,92169,interneuron,True,1.0,1.0,1.0,0,7695,84473
neuromorpho__BC150112A_27.swc,98757,interneuron,True,1.0,1.0,1.0,0,10474,88282
neuromorpho__BC150319A_28.swc,90767,interneuron,True,1.0,1.0,1.0,0,7626,83140
neuromorpho__BC150330C_29.swc,114665,interneuron,True,0.9704,0.9803,0.9881,0,13664,101000
neuromorpho__BC150330E_30.swc,78719,interneuron,True,1.0,1.0,1.0,0,6822,71896
neuromorpho__BC150410A_31.swc,89930,interneuron,True,0.9927,0.9952,0.9973,0,9031,80898
neuromorpho__BC150416A_32.swc,103204,interneuron,True,1.0,1.0,1.0,0,10174,93029
neuromorpho__BC150721A_33.swc,44315,interneuron,True,0.999,0.9993,0.9993,0,9512,34802
neuromorpho__BC160115E_35.swc,95939,interneuron,True,0.9724,0.9816,0.9894,0,10778,85160
neuromorpho__BC160201B_36.swc,54582,interneuron,True,1.0,1.0,1.0,0,9053,45528
neuromorpho__BC160212C_37.swc,67922,interneuron,True,0.9294,0.9529,0.9634,0,11627,56294
neuromorpho__BC160311D_38.swc,107602,interneuron,True,0.8349,0.8899,0.9343,0,15593,92008
neuromorpho__BC160620B_39.swc,88903,interneuron,True,0.8531,0.9021,0.9506,0,10434,78468
neuromorpho__BC170406B_40.swc,39831,interneuron,True,0.9647,0.9764,0.9729,0,10847,28983
neuromorpho__BC170412A_41.swc,42151,interneuron,True,0.9969,0.9979,0.9984,0,6491,35659
neuromorpho__BC170419I_42.swc,66018,interneuron,True,0.9219,0.9479,0.9648,0,9463,56554
neuromorpho__BC170419L_43.swc,82040,interneuron,True,1.0,1.0,1.0,0,8904,73135
neuromorpho__BC170425A_44.swc,90418,interneuron,True,1.0,1.0,1.0,0,9701,80716
neuromorpho__BC170426E_45.swc,106144,interneuron,True,0.9983,0.9989,0.9994,0,10148,95995
neuromorpho__BC170509E_46.swc,76448,interneuron,True,1.0,1.0,1.0,0,15913,60534
neuromorpho__c3271015.swc,1516,pyramidal,False,0.3313,0.5542,0.3648,0,717,798
neuromorpho__cell-10_8.swc,2158,interneuron,True,0.7478,0.8739,0.5973,0,2157,0
neuromorpho__Cell-11-Ch01.swc,371,interneuron,True,0.4854,0.6569,0.9434,0,349,21
neuromorpho__cell-11_8.swc,608,interneuron,True,0.9525,0.9763,0.9095,0,607,0
neuromorpho__Cell-12.swc,726,interneuron,True,0.478,0.652,0.916,0,664,61
neuromorpho__cell-12_9.swc,1631,interneuron,True,0.9035,0.9517,0.824,0,1630,0
neuromorpho__Cell-13-Ch01.swc,309,pyramidal,False,0.4111,0.6074,0.699,0,272,36
neuromorpho__cell-13_8.swc,2009,interneuron,True,0.7194,0.8597,0.562,0,2008,0
neuromorpho__Cell-14-Ch01.swc,493,pyramidal,False,1.0,1.0,1.0,0,377,115
neuromorpho__cell-14_6.swc,1659,interneuron,True,0.6613,0.8306,0.4943,0,1658,0
neuromorpho__Cell-15-Ch01.swc,255,interneuron,True,0.4442,0.6295,0.8,0,203,51
neuromorpho__cell-15_6.swc,1507,interneuron,True,0.8902,0.9451,0.8023,0,1506,0
neuromorpho__Cell-16-MOUSE.swc,247,pyramidal,False,0.732,0.866,0.5789,0,246,0
neuromorpho__cell-16_6.swc,1793,interneuron,True,0.7603,0.8801,0.6135,0,1792,0
neuromorpho__Cell-17.swc,482,pyramidal,False,0.0224,0.3482,0.0249,0,452,29
neuromorpho__cell-17_7.swc,1793,interneuron,True,0.8876,0.9438,0.7981,0,1792,0
neuromorpho__Cell-18.swc,273,interneuron,True,1.0,1.0,1.0,0,272,0
neuromorpho__cell-18_6.swc,1731,interneuron,True,0.4351,0.7175,0.2785,0,1730,0
neuromorpho__Cell-19.swc,98,interneuron,True,1.0,1.0,1.0,0,97,0
neuromorpho__Cell-2-ch01-3Dvis.swc,417,pyramidal,False,0.8131,0.9066,0.6859,0,416,0
neuromorpho__Cell-20.swc,335,interneuron,True,0.4424,0.6283,0.794,0,265,69
neuromorpho__Cell-20111125SC1.swc,14503,pyramidal,False,0.7431,0.8287,0.9037,0,2217,12285
neuromorpho__Cell-21.swc,510,pyramidal,False,0.3056,0.5371,0.4412,0,485,24
neuromorpho__Cell-22.swc,264,interneuron,True,0.3783,0.5855,0.6098,0,160,103
neuromorpho__Cell-23.swc,226,interneuron,True,1.0,1.0,1.0,0,225,0
neuromorpho__Cell-24.swc,433,interneuron,True,0.4764,0.6509,0.9099,0,393,39
neuromorpho__Cell-25-Ch01.swc,160,interneuron,True,1.0,1.0,1.0,0,159,0
neuromorpho__Cell-26.swc,539,pyramidal,False,0.2569,0.5046,0.3469,0,467,71
neuromorpho__Cell-27.swc,702,pyramidal,False,0.4562,0.6374,0.839,0,588,113
neuromorpho__Cell-28-Ch01.swc,346,interneuron,True,0.4462,0.6308,0.8064,0,279,66
neuromorpho__Cell-3-1.swc,510,pyramidal,False,0.3524,0.5683,0.5451,0,436,73
neuromorpho__cell-3_15.swc,1860,interneuron,True,0.9669,0.9835,0.936,0,1859,0
neuromorpho__Cell-4-MOUSE.swc,354,pyramidal,False,0.3752,0.5835,0.6017,0,333,20
neuromorpho__cell-4_16.swc,1806,interneuron,True,0.8641,0.932,0.7608,0,1805,0
neuromorpho__Cell-5-1.swc,557,interneuron,True,0.4633,0.6422,0.8636,0,480,76
neuromorpho__cell-5_14.swc,3052,interneuron,True,0.8605,0.9303,0.7552,0,3051,0
neuromorpho__Cell-6.swc,1467,pyramidal,False,1.0,1.0,1.0,0,1323,143
neuromorpho__cell-6_12.swc,2014,interneuron,True,0.8723,0.9361,0.7736,0,2013,0
neuromorpho__Cell-7.swc,342,pyramidal,False,1.0,1.0,1.0,0,341,0
neuromorpho__cell-7_11.swc,1403,interneuron,True,0.951,0.9755,0.9066,0,1402,0
neuromorpho__Cell-8.swc,841,pyramidal,False,1.0,1.0,1.0,0,613,227
neuromorpho__cell-8_9.swc,1931,interneuron,True,0.775,0.8875,0.6328,0,1930,0
neuromorpho__Cell-9.swc,382,pyramidal,False,0.3509,0.5673,0.5419,0,289,92
neuromorpho__cell-9_9.swc,1254,interneuron,True,0.865,0.9325,0.7624,0,1253,0
neuromorpho__cell-pair-20111014sc2a.swc,2801,pyramidal,False,0.2519,0.5012,0.2174,0,773,2027
neuromorpho__cell-pair-20111014sc2b.swc,3341,pyramidal,False,0.2457,0.4971,0.1706,0,569,2771
neuromorpho__cell-pair-22-09-11-A1.swc,2153,interneuron,True,0.0992,0.3995,0.1105,0,237,1915
neuromorpho__cell-pair-22-09-11-A2.swc,4730,pyramidal,False,0.6571,0.7714,0.9628,0,220,4509
neuromorpho__cell-pair-22-09-11-D1.swc,5120,pyramidal,False,0.9819,0.988,0.9957,0,336,4783
neuromorpho__cell-pair-22-09-11-D2.swc,3512,interneuron,True,0.0914,0.3942,0.1008,0,353,3158
neuromorpho__Cell1_hippocampus_singlecell.swc,461,interneuron,True,1.0,1.0,1.0,0,304,156
neuromorpho__Cell2_Hippocampus_singlecell.swc,444,interneuron,True,0.5349,0.6899,0.536,0,321,122
neuromorpho__Cell2_Subiculum_singlecell.swc,220,interneuron,True,0.789,0.8593,0.7909,0,140,79
neuromorpho__Cell3_Hippocampus_singlecell.swc,449,interneuron,True,1.0,1.0,1.0,0,279,169
neuromorpho__Cell3_Subiculum_singlecell.swc,343,interneuron,True,0.5077,0.6718,0.5248,0,222,120
neuromorpho__Cell4_Hippocampus_singlecell.swc,573,interneuron,True,0.8214,0.8809,0.8237,0,367,205
neuromorpho__Cell4_Subiculum_singlecell.swc,380,interneuron,True,0.4192,0.6128,0.4526,0,249,130
neuromorpho__cell5-01-11-D.swc,11267,interneuron,True,0.9755,0.9836,0.9962,0,435,10831
neuromorpho__Cell5_Hippocampus_singlecell.swc,446,interneuron,True,0.6133,0.7422,0.6143,0,304,141
neuromorpho__Cell5_Subiculum_singlecell.swc,347,interneuron,True,0.6226,0.7484,0.6571,0,274,72
neuromorpho__Cell6_Hippocampus_singlecell.swc,345,interneuron,True,0.5895,0.7263,0.5971,0,220,124
neuromorpho__Cell6_Subiculum_singlecell.swc,587,interneuron,True,1.0,1.0,1.0,0,299,287
neuromorpho__Cell7_Hippocampus_singlecell.swc,527,interneuron,True,0.969,0.9793,0.9734,0,369,157
neuromorpho__Cell7_Subiculum_singlecell.swc,513,interneuron,True,0.3678,0.5785,0.4055,0,347,165
neuromorpho__Cell8_Subiculum_singlecell.swc,490,interneuron,True,0.536,0.6907,0.5612,0,408,81
neuromorpho__Chat-IRES-Cre-neo_Ai14-280700-06-01-01_614430437_m.swc,11680,interneuron,True,1.0,1.0,1.0,0,2474,9205
neuromorpho__Chat-IRES-Cre-neo_Ai14-287662-04-02-01_614444566_m.swc,3840,interneuron,True,1.0,1.0,1.0,0,2572,1267
neuromorpho__Chat-IRES-Cre-neo_Ai14-307622-05-02-01_610885676_m.swc,7566,interneuron,True,1.0,1.0,1.0,0,2793,4772
neuromorpho__Chat-IRES-Cre-neo_Ai14-308245-04-02-01_605859502_m.swc,8427,interneuron,True,1.0,1.0,1.0,0,2642,5784
neuromorpho__Chat-IRES-Cre-neo_Ai14-308247-03-02-01_648990126_m.swc,5826,interneuron,True,1.0,1.0,1.0,0,2601,3224
neuromorpho__Chat-IRES-Cre-neo_Ai14-308248-03-02-01_610885758_m.swc,3989,interneuron,True,1.0,1.0,1.0,0,2839,1149
neuromorpho__Chat-IRES-Cre-neo_Ai14-313181-04-02-01_610885831_m.swc,4292,interneuron,True,1.0,1.0,1.0,0,2226,2065
neuromorpho__Chat-IRES-Cre-neo_Ai14-316041-04-02-01_610885974_m.swc,4600,interneuron,True,1.0,1.0,1.0,0,2892,1707
neuromorpho__Chat-IRES-Cre-neo_Ai14-316042-03-01-01_610873063_m.swc,7602,interneuron,True,1.0,1.0,1.0,0,2087,5514
neuromorpho__Chat-IRES-Cre-neo_Ai14-316042-05-01-01_605541518_m.swc,4878,interneuron,True,1.0,1.0,1.0,0,2493,2384
neuromorpho__Chat-IRES-Cre-neo_Ai14-316042-05-02-01_639670635_m.swc,6544,interneuron,True,1.0,1.0,1.0,0,3167,3376
neuromorpho__Chat-IRES-Cre-neo_Ai14-316042-06-01-01_636787957_m.swc,9289,interneuron,True,1.0,1.0,1.0,0,3546,5742
neuromorpho__Chat-IRES-Cre-neo_Ai14-316043-04-02-01_626158141_m.swc,5672,interneuron,True,1.0,1.0,1.0,0,1996,3675
neuromorpho__Chat-IRES-Cre-neo_Ai14-316043-05-01-01_610886034_m.swc,7465,interneuron,True,1.0,1.0,1.0,0,2867,4597
neuromorpho__Chat-IRES-Cre-neo_Ai14-316043-05-01-02_610872803_m.swc,5913,interneuron,True,1.0,1.0,1.0,0,1635,4277
neuromorpho__Chrna2-Cre_OE25_Ai14_BT_-280154-04-01-01_673136338_m.swc,14548,interneuron,True,1.0,1.0,1.0,0,2550,11997
neuromorpho__Chrna2-Cre_OE25_Ai14_BT_-281693-06-01-01_591276000_m.swc,17650,interneuron,True,1.0,1.0,1.0,0,2059,15590
neuromorpho__Chrna2-Cre_OE25_Ai14_IVSCC_-294465-05-01-01_650485582_m.swc,7901,interneuron,True,1.0,1.0,1.0,0,2421,5479
neuromorpho__Chrna2-Cre_OE25_Ai14_IVSCC_-294467-03-01-01_596793119_m.swc,18015,interneuron,True,1.0,1.0,1.0,0,1791,16223
neuromorpho__Chrna2-Cre_OE25_Pvalb-T2A-Dre_Ai66-312583-02-02-01_651087073_m.swc,18770,interneuron,True,1.0,1.0,1.0,0,2252,16517
neuromorpho__Diego-02-27-13-BR.swc,27082,interneuron,True,1.0,1.0,1.0,0,4145,22936
neuromorpho__Fig1_1.swc,7195,interneuron,True,1.0,1.0,1.0,0,274,6920
neuromorpho__Fig1b_140312-1rm6_int.swc,61212,interneuron,True,1.0,1.0,1.0,0,4216,56995
neuromorpho__Fig1E.swc,1687,interneuron,True,1.0,1.0,1.0,0,152,1534
neuromorpho__Fig1f_140909-2mg_int.swc,30815,interneuron,True,1.0,1.0,1.0,0,3964,26850
neuromorpho__Fig2_2.swc,7707,interneuron,True,1.0,1.0,1.0,0,680,7026
neuromorpho__Fig2a_cell1_1112071rm.swc,8103,interneuron,True,1.0,1.0,1.0,0,839,7263
neuromorpho__Fig2a_cell2_1404163rm.swc,10848,interneuron,True,1.0,1.0,1.0,0,1898,8949
neuromorpho__Fig2a_cell3_150625_5kb.swc,7123,interneuron,True,1.0,1.0,1.0,0,1185,5937
neuromorpho__Fig2a_cell4_151015-3rm.swc,6089,interneuron,True,1.0,1.0,1.0,0,1748,4340
neuromorpho__Fig2a_cell5_141009_2og.swc,7949,interneuron,True,1.0,1.0,1.0,0,1002,6946
neuromorpho__fig2b_1.swc,317,interneuron,True,1.0,1.0,1.0,0,272,44
neuromorpho__Fig2b_cell1_0904091kg.swc,39033,interneuron,True,0.9828,0.9885,0.9947,0,3186,35846
neuromorpho__Fig2b_cell2_0706084kg.swc,10848,interneuron,True,1.0,1.0,1.0,0,1898,8949
neuromorpho__Fig2C.swc,991,interneuron,True,0.3408,0.5605,0.4228,0,383,607
neuromorpho__fig2c_2.swc,3086,interneuron,True,1.0,1.0,1.0,0,385,2700
neuromorpho__Fig2c_cell1_1402022rm.swc,21049,interneuron,True,1.0,1.0,1.0,0,1113,19935
neuromorpho__Fig2c_cell2_1108112rm.swc,14853,interneuron,True,1.0,1.0,1.0,0,1353,13499
neuromorpho__Fig2c_Rat_78.swc,12423,interneuron,True,0.9978,0.9985,0.9988,0,2049,10373
neuromorpho__Fig2f_Rat_131.swc,3396,interneuron,True,1.0,1.0,1.0,0,917,2478
neuromorpho__Fig2h_Rat_133.swc,4697,interneuron,True,0.9995,0.9996,0.9996,0,1257,3439
neuromorpho__Fig3c_Rat_87.swc,6098,interneuron,True,0.9878,0.9919,0.9898,0,1775,4322
neuromorpho__Fig3i_Rat_81.swc,9173,interneuron,True,0.9998,0.9999,0.9999,0,1334,7838
neuromorpho__Fig4_1.swc,9154,interneuron,True,1.0,1.0,1.0,0,1556,7597
neuromorpho__Fig5b_150625_5kb.swc,10372,interneuron,True,1.0,1.0,1.0,0,1185,9186
neuromorpho__Fig5c_141009_2og_A.swc,8046,interneuron,True,1.0,1.0,1.0,0,1002,7043
neuromorpho__Fig5e_151015-3rm.swc,8618,interneuron,True,1.0,1.0,1.0,0,4277,4340
neuromorpho__Fig6b_1610052mg_A.swc,4669,interneuron,True,1.0,1.0,1.0,0,1091,3577
neuromorpho__Gad2-IRES-Cre_Ai14-324791-03-01-01_647493963_m.swc,7868,interneuron,True,1.0,1.0,1.0,0,1101,6766
neuromorpho__Gad2-IRES-Cre_Ai14-324791-03-02-02_648138988_m.swc,9203,interneuron,True,1.0,1.0,1.0,0,915,8287
neuromorpho__Gad2-IRES-Cre_Ai14-324794-03-01-02_648087868_m.swc,6861,interneuron,True,1.0,1.0,1.0,0,1446,5414
neuromorpho__gaoCell1.swc,4405,pyramidal,False,0.0176,0.3451,0.0109,0,335,4069
neuromorpho__GGB-02-04-15-1R.swc,24785,interneuron,True,1.0,1.0,1.0,0,1773,23011
neuromorpho__GGB-7-24-15-1R.swc,24074,interneuron,True,0.974,0.9826,0.9907,0,2483,21590
neuromorpho__GGB-Mar14-14-1R.swc,36760,interneuron,True,1.0,1.0,1.0,0,5567,31192
neuromorpho__H16-06-013-11-16-01_687434349_m.swc,15898,interneuron,True,1.0,1.0,1.0,0,2615,13282
neuromorpho__H16-06-013-12-08-03_691757016_m.swc,16300,interneuron,True,1.0,1.0,1.0,0,1178,15121
neuromorpho__H16-06-013-12-08-06_695330591_m.swc,19658,interneuron,True,1.0,1.0,1.0,0,3481,16176
neuromorpho__H17-03-005-11-08-01_713511748_m.swc,24680,interneuron,True,1.0,1.0,1.0,0,5323,19356
neuromorpho__H17-03-009-11-11-03_669918567_m.swc,4042,pyramidal,False,0.7096,0.8064,0.2857,0,3929,112
neuromorpho__H17-03-009-11-11-09_667294513_m.swc,7095,interneuron,True,1.0,1.0,1.0,0,1706,5388
neuromorpho__H17-03-010-11-13-01_656411100_m.swc,1496,interneuron,True,1.0,1.0,1.0,0,1008,487
neuromorpho__H17-03-013-11-08-04_692297214_m.swc,6827,interneuron,True,1.0,1.0,1.0,0,1266,5560
neuromorpho__H17-06-003-11-03-03_694168884_m.swc,30285,interneuron,True,1.0,1.0,1.0,0,6220,24064
neuromorpho__H17-06-005-12-15-01_605485782_m.swc,29539,interneuron,True,1.0,1.0,1.0,0,2080,27458
neuromorpho__H17-06-006-11-10-03_639632757_m.swc,8684,interneuron,True,1.0,1.0,1.0,0,2400,6283
neuromorpho__H17-06-009-11-04-02_657984300_m.swc,43036,interneuron,True,1.0,1.0,1.0,0,3424,39611
neuromorpho__H17-06-012-14-08-05_649667451_m.swc,26629,interneuron,True,1.0,1.0,1.0,0,4172,22456
neuromorpho__H17-06-012-14-08-07_674291002_m.swc,10743,interneuron,True,1.0,1.0,1.0,0,3699,7043
neuromorpho__H17-06-013-12-03-01_681002938_m.swc,4016,interneuron,True,1.0,1.0,1.0,0,598,3417
neuromorpho__H17-06-013-12-03-02_676466554_m.swc,17641,interneuron,True,1.0,1.0,1.0,0,3407,14233
neuromorpho__H17-06-013-12-03-03_681921441_m.swc,13995,interneuron,True,1.0,1.0,1.0,0,1845,12149
neuromorpho__HCell1.swc,3879,interneuron,True,1.0,1.0,1.0,0,3878,0
neuromorpho__Hcell10-set-2.swc,4258,interneuron,True,0.9869,0.9935,0.9742,0,4257,0
neuromorpho__Hcell11-set-2.swc,3765,interneuron,True,1.0,1.0,1.0,0,3764,0
neuromorpho__Hcell12-set-2.swc,4190,interneuron,True,0.9947,0.9974,0.9895,0,4189,0
neuromorpho__Hcell13-set-2.swc,2107,interneuron,True,1.0,1.0,1.0,0,2106,0
neuromorpho__Hcell14-set-2.swc,2940,interneuron,True,1.0,1.0,1.0,0,2939,0
neuromorpho__Hcell15-set-2.swc,3178,interneuron,True,0.9788,0.9894,0.9585,0,3177,0
neuromorpho__Hcell16-set-2.swc,3641,interneuron,True,0.9058,0.9529,0.8278,0,3640,0
neuromorpho__Hcell2.swc,3119,interneuron,True,1.0,1.0,1.0,0,3118,0
neuromorpho__Hcell3.swc,3428,interneuron,True,1.0,1.0,1.0,0,3427,0
neuromorpho__Hcell5.swc,3180,pyramidal,False,0.9122,0.9561,0.8387,0,3179,0
neuromorpho__Hcell6.swc,2223,interneuron,True,1.0,1.0,1.0,0,2222,0
neuromorpho__Hcell7.swc,1551,interneuron,True,1.0,1.0,1.0,0,1550,0
neuromorpho__Hcell8.swc,5014,interneuron,True,0.9792,0.9896,0.9593,0,5013,0
neuromorpho__Hcell9.swc,2950,interneuron,True,1.0,1.0,1.0,0,2949,0
neuromorpho__het-1.swc,411,interneuron,True,0.635,0.7567,0.6448,0,173,237
neuromorpho__het-10.swc,308,interneuron,True,0.376,0.584,0.6039,0,185,122
neuromorpho__het-2.swc,684,interneuron,True,0.4979,0.6653,0.6974,0,453,230
neuromorpho__het-3.swc,1283,interneuron,True,0.6952,0.7968,0.8363,0,972,310
neuromorpho__het-4.swc,786,interneuron,True,0.4139,0.6093,0.4924,0,336,449
neuromorpho__het-6.swc,763,interneuron,True,0.4306,0.6204,0.6881,0,518,244
neuromorpho__het-7.swc,660,interneuron,True,0.7218,0.8145,0.7561,0,364,295
neuromorpho__het-8.swc,650,interneuron,True,0.8604,0.9302,0.7554,0,649,0
neuromorpho__het-9.swc,662,interneuron,True,0.5035,0.669,0.648,0,392,269
neuromorpho__homo-1.swc,1696,interneuron,True,0.6814,0.7876,0.7241,0,984,711
neuromorpho__homo-10.swc,1608,interneuron,True,0.7064,0.8042,0.74,0,893,714
neuromorpho__homo-12.swc,1651,interneuron,True,0.8887,0.9258,0.8892,0,793,857
neuromorpho__homo-2.swc,2255,interneuron,True,0.6053,0.7369,0.6368,0,1125,1129
neuromorpho__homo-3.swc,2338,interneuron,True,0.81,0.8733,0.8101,0,1097,1240
neuromorpho__homo-5.swc,2245,interneuron,True,0.8535,0.9024,0.8539,0,1020,1224
neuromorpho__homo-6.swc,1661,interneuron,True,0.8907,0.9271,0.891,0,698,962
neuromorpho__homo-7.swc,2137,interneuron,True,0.2521,0.5014,0.3374,0,720,1416
neuromorpho__homo-8.swc,2225,interneuron,True,0.6723,0.7815,0.6773,0,1139,1085
neuromorpho__homo-9.swc,1178,interneuron,True,1.0,1.0,1.0,0,493,684
neuromorpho__Htr3a-Cre_NO152_Ai14-276428-03-01-02_570682715_m.swc,11899,interneuron,True,1.0,1.0,1.0,0,606,11292
neuromorpho__Htr3a-Cre_NO152_Ai14-276428-05-01-01_571972167_m.swc,28456,interneuron,True,1.0,1.0,1.0,0,2196,26259
neuromorpho__Htr3a-Cre_NO152_Ai14-286731-04-02-01_645075254_m.swc,2808,interneuron,True,1.0,1.0,1.0,0,2530,277
neuromorpho__Htr3a-Cre_NO152_Ai14-286736-05-01-01_596793143_m.swc,8836,interneuron,True,1.0,1.0,1.0,0,2716,6119
neuromorpho__Htr3a-Cre_NO152_Ai14-288785-03-02-01_587407335_m.swc,14320,interneuron,True,1.0,1.0,1.0,0,2848,11471
neuromorpho__Htr3a-Cre_NO152_Ai14-292836-03-01-01_580260009_m.swc,9513,interneuron,True,1.0,1.0,1.0,0,1990,7522
neuromorpho__Htr3a-Cre_NO152_Ai14-306203-03-02-01_656154929_m.swc,13856,interneuron,True,1.0,1.0,1.0,0,2151,11704
neuromorpho__Htr3a-Cre_NO152_Ai14-308439-03-01-01_657060422_m.swc,12987,interneuron,True,1.0,1.0,1.0,0,1348,11638
neuromorpho__Htr3a-Cre_NO152_Ai14-314467-03-02-01_596799440_m.swc,3566,interneuron,True,1.0,1.0,1.0,0,1366,2199
neuromorpho__Htr3a-Cre_NO152_Pvalb-T2A-Dre_Ai66-304920-02-02-01_596793163_m.swc,19466,interneuron,True,1.0,1.0,1.0,0,2966,16499
neuromorpho__Htr3a-Cre_NO152_Pvalb-T2A-Dre_Ai66-304920-03-02-01_601947850_m.swc,15948,interneuron,True,1.0,1.0,1.0,0,1793,14154
neuromorpho__Htr3a-Cre_NO152_Pvalb-T2A-Dre_Ai66-313949-04-02-01_671531778_m.swc,15218,interneuron,True,1.0,1.0,1.0,0,2891,12326
neuromorpho__interneuronEX.swc,7317,interneuron,True,1.0,1.0,1.0,0,435,6881
neuromorpho__J82a.swc,3692,pyramidal,False,0.8633,0.9316,0.7595,0,3691,0
neuromorpho__L5FS1.swc,830,interneuron,True,0.7907,0.8953,0.6542,0,829,0
neuromorpho__L5FS2.swc,1445,interneuron,True,0.7632,0.8816,0.6173,0,1444,0
neuromorpho__L5FS3.swc,1948,pyramidal,False,0.6907,0.8453,0.5277,0,1947,0
neuromorpho__L5FS4.swc,1660,pyramidal,False,0.5851,0.7925,0.4139,0,1659,0
neuromorpho__L5FS5.swc,1804,pyramidal,False,0.8516,0.9258,0.7417,0,1803,0
neuromorpho__L5non-FS.swc,1580,interneuron,True,0.5054,0.7527,0.3386,0,1579,0
neuromorpho__LRPrecRF.swc,4106,pyramidal,False,1.0,1.0,1.0,0,1179,2926
neuromorpho__NAS1.swc,3494,interneuron,True,0.4627,0.6418,0.4688,0,2323,1170
neuromorpho__NAS11.swc,2029,pyramidal,False,0.3994,0.6997,0.2499,0,2028,0
neuromorpho__NAS13.swc,1999,interneuron,True,0.4951,0.6634,0.9805,0,1959,39
neuromorpho__NAS17.swc,537,interneuron,True,1.0,1.0,1.0,0,536,0
neuromorpho__NAS2B.swc,1205,interneuron,True,1.0,1.0,1.0,0,1204,0
neuromorpho__NAS3.swc,1291,pyramidal,False,0.1702,0.5851,0.0937,0,1290,0
neuromorpho__NAS5.swc,1254,pyramidal,False,0.0158,0.5079,0.0088,0,1253,0
neuromorpho__NAS7.swc,1345,interneuron,True,1.0,1.0,1.0,0,1344,0
neuromorpho__NAS8.swc,708,interneuron,True,1.0,1.0,1.0,0,707,0
neuromorpho__NAS9.swc,542,interneuron,True,0.4335,0.6223,0.7657,0,418,123
neuromorpho__Ndnf-IRES2-dgCre_Ai14-255259-03-02-01_560631771_m.swc,16515,interneuron,True,0.9998,0.9999,0.9999,0,1240,15274
neuromorpho__Ndnf-IRES2-dgCre_Ai14-255261-05-02-01_556384323_m.swc,11926,interneuron,True,1.0,1.0,1.0,0,1755,10170
neuromorpho__Ndnf-IRES2-dgCre_Ai14-262467-04-01-01_643517708_m.swc,13848,interneuron,True,1.0,1.0,1.0,0,2389,11458
neuromorpho__Ndnf-IRES2-dgCre_Ai14-262472-03-02-01_657248124_m.swc,13479,interneuron,True,1.0,1.0,1.0,0,1852,11626
neuromorpho__Ndnf-IRES2-dgCre_Ai14-262475-04-02-01_566350959_m.swc,11267,interneuron,True,1.0,1.0,1.0,0,2161,9105
neuromorpho__Ndnf-IRES2-dgCre_Ai14-278510-05-01-01_569319081_m.swc,10173,interneuron,True,1.0,1.0,1.0,0,663,9509
neuromorpho__Ndnf-IRES2-dgCre_Ai14-278511-05-01-01_614431110_m.swc,12431,interneuron,True,1.0,1.0,1.0,0,2101,10329
neuromorpho__Ndnf-IRES2-dgCre_Ai14-280611-04-02-02_582654012_m.swc,1786,interneuron,True,1.0,1.0,1.0,0,1698,87
neuromorpho__Ndnf-IRES2-dgCre_Ai14-290382-04-01-01_584237322_m.swc,13121,interneuron,True,1.0,1.0,1.0,0,1488,11632
neuromorpho__Ndnf-IRES2-dgCre_Ai14-292673-04-02-01_658102910_m.swc,15658,interneuron,True,1.0,1.0,1.0,0,1309,14348
neuromorpho__Ndnf-IRES2-dgCre_Ai14-292673-05-01-01_596793018_m.swc,19024,interneuron,True,1.0,1.0,1.0,0,2519,16504
neuromorpho__Ndnf-IRES2-dgCre_Ai14-298343-05-02-02_657812337_m.swc,9304,interneuron,True,1.0,1.0,1.0,0,1549,7754
neuromorpho__Ndnf-IRES2-dgCre_Ai14-306261-05-02-01_591276334_m.swc,15925,interneuron,True,1.0,1.0,1.0,0,2868,13056
neuromorpho__Ndnf-IRES2-dgCre_Ai14-311164-05-01-01_601947752_m.swc,17626,interneuron,True,1.0,1.0,1.0,0,1972,15653
neuromorpho__neu-160struktur.swc,669,pyramidal,False,0.2604,0.6302,0.151,0,668,0
neuromorpho__neu-198struktur.swc,666,interneuron,True,0.7742,0.8871,0.6321,0,665,0
neuromorpho__neu-576c1struktur.swc,409,interneuron,True,1.0,1.0,1.0,0,408,0
neuromorpho__neu-sc100struktur.swc,834,interneuron,True,0.4298,0.7149,0.2746,0,833,0
neuromorpho__neu-sc113struktur.swc,863,interneuron,True,0.5074,0.7537,0.3407,0,862,0
neuromorpho__neu-sc114struktur.swc,513,interneuron,True,0.8065,0.9033,0.6764,0,512,0
neuromorpho__neu-sc117struktur.swc,304,interneuron,True,0.3968,0.6984,0.25,0,303,0
neuromorpho__neu-sc136struktur.swc,748,pyramidal,False,0.5208,0.7604,0.3529,0,747,0
neuromorpho__neu-sc141struktur.swc,401,pyramidal,False,0.6207,0.8103,0.4514,0,400,0
neuromorpho__neu-sc142struktur.swc,425,interneuron,True,0.4412,0.7206,0.2847,0,424,0
neuromorpho__neu-sc146struktur.swc,1003,interneuron,True,0.2916,0.6458,0.1715,0,1002,0
neuromorpho__neu-sc177struktur.swc,585,interneuron,True,1.0,1.0,1.0,0,584,0
neuromorpho__neu-sc192struktur.swc,1215,interneuron,True,1.0,1.0,1.0,0,1214,0
neuromorpho__neu-sc193struktur.swc,549,interneuron,True,0.9349,0.9674,0.878,0,548,0
neuromorpho__neu-sc197struktur.swc,1448,interneuron,True,1.0,1.0,1.0,0,1447,0
neuromorpho__neu-sc27struktur.swc,401,pyramidal,False,0.3015,0.6507,0.1796,0,400,0
neuromorpho__neu-sc39struktur.swc,288,pyramidal,False,0.0,0.5,0.0035,0,287,0
neuromorpho__neu-sc48struktur.swc,603,interneuron,True,0.0132,0.5066,0.0083,0,602,0
neuromorpho__neu-sc53struktur.swc,703,interneuron,True,0.9175,0.9588,0.8478,0,702,0
neuromorpho__neu-sc65struktur.swc,559,interneuron,True,0.7404,0.8702,0.5886,0,558,0
neuromorpho__neu-sc68struktur.swc,519,interneuron,True,0.615,0.8075,0.4451,0,518,0
neuromorpho__neu-sc71struktur.swc,839,interneuron,True,0.8774,0.9387,0.7819,0,838,0
neuromorpho__neu-sc78struktur.swc,574,pyramidal,False,0.5956,0.7978,0.4251,0,573,0
neuromorpho__neu-sc85struktur.swc,1178,pyramidal,False,0.6038,0.8019,0.4329,0,1177,0
neuromorpho__neu-sc99struktur.swc,3590,interneuron,True,0.9031,0.9516,0.8234,0,3589,0
neuromorpho__Nkx2-1-CreERT2_Ai14-_IVSCC_-286572-01-02-01_571972148_m.swc,16490,interneuron,True,1.0,1.0,1.0,0,2610,13879
neuromorpho__Nkx2-1-CreERT2_Ai14-_IVSCC_-286577-03-01-01_580260086_m.swc,10547,interneuron,True,1.0,1.0,1.0,0,1513,9033
neuromorpho__Nkx2-1-CreERT2_Ai14-_IVSCC_-294488-04-02-01_649553736_m.swc,14791,interneuron,True,1.0,1.0,1.0,0,1783,13007
neuromorpho__Nkx2-1-CreERT2_Ai14-_IVSCC_-294490-02-02-01_700422073_m.swc,14291,interneuron,True,1.0,1.0,1.0,0,1014,13276
neuromorpho__Nkx2-1-CreERT2_Ai14-_IVSCC_-294491-03-01-01_591276550_m.swc,15865,interneuron,True,1.0,1.0,1.0,0,981,14883
neuromorpho__Nkx2-1-CreERT2_Ai14_BT_-278735-06-02-01_569314921_m.swc,13204,interneuron,True,1.0,1.0,1.0,0,1762,11441
neuromorpho__Nkx2-1-CreERT2_Ai14_BT_-278735-06-02-02_570682084_m.swc,8517,interneuron,True,1.0,1.0,1.0,0,2011,6505
neuromorpho__Nos1-CreERT2_Ai14-294361-05-01-01_585893455_m.swc,7519,interneuron,True,1.0,1.0,1.0,0,2044,5474
neuromorpho__Nos1-CreERT2_Ai14_BT_-251975-06-01-01_563819177_m.swc,16660,interneuron,True,1.0,1.0,1.0,0,1136,15523
neuromorpho__Nos1-CreERT2_Ai14_BT_-260226-04-02-01_596793240_m.swc,10703,interneuron,True,1.0,1.0,1.0,0,2618,8084
neuromorpho__Nos1-CreERT2_Ai14_BT_-285361-04-01-01_585893436_m.swc,18648,interneuron,True,1.0,1.0,1.0,0,3658,14989
neuromorpho__Nos1-CreERT2_Ai14_BT_-285362-04-01-01_572837209_m.swc,10639,interneuron,True,1.0,1.0,1.0,0,1496,9142
neuromorpho__Nos1-CreERT2_Ai14_BT_-286854-04-01-01_596793070_m.swc,15550,interneuron,True,1.0,1.0,1.0,0,2580,12969
neuromorpho__Nos1-CreERT2_Sst-IRES-FlpO_Ai65-243223-04-01-01_537045067_m.swc,2294,interneuron,True,0.4978,0.6652,0.9913,0,2273,20
neuromorpho__Nos1-CreERT2_Sst-IRES-FlpO_Ai65-244006-04-02-01_561095910_m.swc,6114,interneuron,True,1.0,1.0,1.0,0,1617,4496
neuromorpho__Nos1-CreERT2_Sst-IRES-FlpO_Ai65-271574-05-01-01_587405549_m.swc,40086,interneuron,True,1.0,1.0,1.0,0,2907,37178
neuromorpho__Nos1-CreERT2_Sst-IRES-FlpO_Ai65-271577-05-02-01_601947916_m.swc,12545,interneuron,True,1.0,1.0,1.0,0,1898,10646
neuromorpho__Nos1-CreERT2_Sst-IRES-FlpO_Ai65-302592-03-01-01_639341665_m.swc,23538,interneuron,True,1.0,1.0,1.0,0,2330,21207
neuromorpho__Nos1-CreERT2_Sst-IRES-FlpO_Ai65-304714-02-01-01_643517283_m.swc,21307,interneuron,True,1.0,1.0,1.0,0,3008,18298
neuromorpho__Nos1-CreERT2_Sst-IRES-FlpO_Ai65-315002-02-02-01_614431995_m.swc,16690,interneuron,True,0.9877,0.9918,0.9973,0,948,15741
neuromorpho__Nos1-CreERT2_Sst-IRES-FlpO_Ai65-321729-02-02-01_644933383_m.swc,3794,pyramidal,False,1.0,1.0,1.0,0,1583,2210
neuromorpho__Oxtr-2A-Cre_Ai14-293837-04-02-01_584236936_m.swc,15448,interneuron,True,1.0,1.0,1.0,0,2272,13175
neuromorpho__Oxtr-2A-Cre_Ai14-293839-02-02-02_623439672_m.swc,20196,interneuron,True,1.0,1.0,1.0,0,2172,18023
neuromorpho__Oxtr-2A-Cre_Ai14-293839-04-02-01_648868079_m.swc,6651,interneuron,True,1.0,1.0,1.0,0,1749,4901
neuromorpho__Oxtr-2A-Cre_Ai14-293839-06-01-01_599474816_m.swc,17421,interneuron,True,1.0,1.0,1.0,0,1514,15906
neuromorpho__Oxtr-2A-Cre_Ai14-293841-05-02-01_614432108_m.swc,16820,interneuron,True,0.997,0.998,0.9988,0,1855,14964
neuromorpho__Oxtr-T2A-Cre_Ai14-309030-05-02-01_658232461_m.swc,16602,interneuron,True,1.0,1.0,1.0,0,2114,14487
neuromorpho__P110627-03-BC.swc,3482,pyramidal,False,0.8293,0.9147,0.7085,0,3481,0
neuromorpho__P110714-04-BC.swc,1775,pyramidal,False,0.6103,0.8051,0.4394,0,1774,0
neuromorpho__P110715-02-BC.swc,999,pyramidal,False,0.7343,0.8672,0.5806,0,998,0
neuromorpho__P111012-03-AAC.swc,1550,pyramidal,False,0.7021,0.8511,0.5413,0,1549,0
neuromorpho__P111016-04-horiz-AAC.swc,1314,pyramidal,False,0.7441,0.8721,0.5928,0,1313,0
neuromorpho__P111017-01-AAC.swc,1905,pyramidal,False,0.5912,0.7956,0.4199,0,1904,0
neuromorpho__P111019-03-AAC.swc,1472,pyramidal,False,0.5835,0.7918,0.4124,0,1471,0
neuromorpho__P111102-05-horiz-AAC.swc,1851,pyramidal,False,0.5253,0.7627,0.3566,0,1850,0
neuromorpho__P111103-01-BC.swc,1714,pyramidal,False,0.5239,0.762,0.3553,0,1713,0
neuromorpho__P111104-03-AAC.swc,1409,pyramidal,False,0.4949,0.7475,0.3293,0,1408,0
neuromorpho__P111105-02-BC.swc,2148,pyramidal,False,0.6627,0.8314,0.4958,0,2147,0
neuromorpho__P111106-02-BC.swc,2443,pyramidal,False,0.7566,0.8783,0.6087,0,2442,0
neuromorpho__P111123-01-AAC.swc,2647,pyramidal,False,0.814,0.907,0.6864,0,2646,0
neuromorpho__P111123-03-AAC.swc,1120,pyramidal,False,0.5169,0.7584,0.3491,0,1119,0
neuromorpho__P111123-04n1-AAC.swc,1233,pyramidal,False,0.8785,0.9392,0.7835,0,1232,0
neuromorpho__p120105-01-AAC.swc,486,interneuron,True,0.1489,0.5744,0.0823,0,485,0
neuromorpho__p120107-07-AAC.swc,596,interneuron,True,0.0,0.5,0.0017,0,595,0
neuromorpho__p120112-03-AAC.swc,378,interneuron,True,0.3537,0.6769,0.2169,0,377,0
neuromorpho__P120115-03-AAC.swc,779,pyramidal,False,0.482,0.741,0.3184,0,778,0
neuromorpho__p120116-03-AAC.swc,589,interneuron,True,0.1451,0.5726,0.0798,0,588,0
neuromorpho__P120117-02-AAC.swc,549,interneuron,True,0.0109,0.5054,0.0073,0,548,0
neuromorpho__P120120-02-AAC.swc,1293,pyramidal,False,0.3329,0.6665,0.2003,0,1292,0
neuromorpho__P120121-02-BC.swc,2336,pyramidal,False,0.4678,0.7339,0.3057,0,2335,0
neuromorpho__Pvalb-IRES-Cre_Ai14-185361-06-02-01_653169619_m.swc,15497,interneuron,True,1.0,1.0,1.0,0,2150,13346
neuromorpho__Pvalb-IRES-Cre_Ai14-198335-04-01-01_653182186_m.swc,10340,interneuron,True,0.9669,0.9779,0.9769,0,2210,8129
neuromorpho__Pvalb-IRES-Cre_Ai14-296193-03-01-02_650175812_m.swc,18692,interneuron,True,1.0,1.0,1.0,0,1476,17215
neuromorpho__Pvalb-IRES-Cre_Ai14-296193-04-01-01_596792650_m.swc,32682,interneuron,True,0.9995,0.9996,0.9998,0,3011,29670
neuromorpho__Pvalb-IRES-Cre_Ai14-299135-03-02-01_587405348_m.swc,17323,interneuron,True,1.0,1.0,1.0,0,2305,15017
neuromorpho__Pvalb-IRES-Cre_Ai14-299135-05-01-01_650040988_m.swc,20837,interneuron,True,1.0,1.0,1.0,0,1847,18989
neuromorpho__Pvalb-IRES-Cre_Ai14-299333-03-01-01_596792857_m.swc,13416,interneuron,True,1.0,1.0,1.0,0,2682,10733
neuromorpho__Pvalb-IRES-Cre_Ai14-299335-05-01-01_657409148_m.swc,10671,interneuron,True,1.0,1.0,1.0,0,2344,8326
neuromorpho__Pvalb-IRES-Cre_Ai14-299809-03-02-01_623867465_m.swc,16769,interneuron,True,1.0,1.0,1.0,0,1803,14965
neuromorpho__Pvalb-IRES-Cre_Ai14-299810-04-02-01_638824825_m.swc,17749,interneuron,True,1.0,1.0,1.0,0,2331,15417
neuromorpho__Pvalb-IRES-Cre_Ai14-301430-02-02-01_637920210_m.swc,14737,interneuron,True,1.0,1.0,1.0,0,2237,12499
neuromorpho__Pvalb-IRES-Cre_Ai14-301945-04-01-01_657409634_m.swc,14574,interneuron,True,1.0,1.0,1.0,0,1585,12988
neuromorpho__Pvalb-IRES-Cre_Ai14-301947-03-01-01_614432193_m.swc,14679,interneuron,True,1.0,1.0,1.0,0,1875,12803
neuromorpho__Pvalb-IRES-Cre_Ai14-301947-03-02-01_591276438_m.swc,11583,interneuron,True,1.0,1.0,1.0,0,1416,10166
neuromorpho__Pvalb-IRES-Cre_Ai14-305768-04-02-01_656999337_m.swc,15273,interneuron,True,1.0,1.0,1.0,0,2299,12973
neuromorpho__Pvalb-IRES-Cre_Ai14-321032-02-02-01_606347981_m.swc,13206,interneuron,True,1.0,1.0,1.0,0,1702,11503
neuromorpho__Pvalb-IRES-Cre_Ai14-321032-03-02-01_657879305_m.swc,13631,interneuron,True,1.0,1.0,1.0,0,1406,12224
neuromorpho__rotated_CR-0319a_ax2.swc,30987,interneuron,True,1.0,1.0,1.0,0,3330,27656
neuromorpho__sc25.swc,328,interneuron,True,0.4317,0.7158,0.2774,0,327,0
neuromorpho__sec-1.swc,371,interneuron,True,0.3345,0.5564,0.504,0,186,184
neuromorpho__sec-10.swc,400,interneuron,True,0.5322,0.6881,0.73,0,275,124
neuromorpho__sec-11.swc,338,interneuron,True,1.0,1.0,1.0,0,144,193
neuromorpho__sec-12.swc,358,interneuron,True,0.4369,0.6246,0.7765,0,277,80
neuromorpho__sec-13.swc,289,interneuron,True,0.28,0.52,0.391,0,114,174
neuromorpho__sec-14.swc,346,interneuron,True,0.399,0.5993,0.6647,0,239,106
neuromorpho__sec-2.swc,386,interneuron,True,0.4288,0.6192,0.7513,0,289,96
neuromorpho__sec-3.swc,320,interneuron,True,0.3645,0.5764,0.575,0,183,136
neuromorpho__sec-4.swc,182,interneuron,True,0.4581,0.6387,0.8462,0,153,28
neuromorpho__sec-5.swc,715,interneuron,True,0.4935,0.6624,0.7483,0,520,194
neuromorpho__sec-6.swc,387,interneuron,True,0.523,0.682,0.6718,0,237,149
neuromorpho__SEC-7.swc,478,interneuron,True,0.4342,0.6228,0.7678,0,366,111
neuromorpho__sec-8.swc,293,interneuron,True,0.4619,0.6412,0.686,0,194,98
neuromorpho__sec-9.swc,253,interneuron,True,0.4247,0.6164,0.7391,0,186,66
neuromorpho__SM080618A2.swc,14569,interneuron,True,1.0,1.0,1.0,0,2061,12507
neuromorpho__SM080723A1-4_IDC.swc,17002,interneuron,True,1.0,1.0,1.0,0,902,16099
neuromorpho__SM080902A1-5_IDC.swc,2772,pyramidal,False,0.6024,0.735,0.6807,0,999,1772
neuromorpho__SM080902A3-1.swc,7647,interneuron,True,1.0,1.0,1.0,0,1075,6571
neuromorpho__SM080903A2.swc,1939,interneuron,True,1.0,1.0,1.0,0,399,1539
neuromorpho__Sst-IRES-Cre_Ai14-262058-05-02-01_570687314_m.swc,13768,interneuron,True,1.0,1.0,1.0,0,2647,11120
neuromorpho__SST2A-GFP-SST-VGLUT2-cell-1.swc,212,interneuron,True,0.9856,0.9928,0.9717,0,211,0
neuromorpho__SST2A-GFP-SST-VGLUT2-cell-10.swc,169,interneuron,True,1.0,1.0,1.0,0,168,0
neuromorpho__SST2A-GFP-SST-VGLUT2-cell-11.swc,123,interneuron,True,1.0,1.0,1.0,0,122,0
neuromorpho__SST2A-GFP-SST-VGLUT2-cell-12.swc,101,interneuron,True,1.0,1.0,1.0,0,100,0
neuromorpho__SST2A-GFP-SST-VGLUT2-cell-13.swc,107,interneuron,True,0.9856,0.9928,0.972,0,106,0
neuromorpho__SST2A-GFP-SST-VGLUT2-cell-14.swc,145,interneuron,True,1.0,1.0,1.0,0,144,0
neuromorpho__SST2A-GFP-SST-VGLUT2-cell-2.swc,96,interneuron,True,1.0,1.0,1.0,0,95,0
neuromorpho__SST2A-GFP-SST-VGLUT2-cell-3.swc,123,interneuron,True,1.0,1.0,1.0,0,122,0
neuromorpho__SST2A-GFP-SST-VGLUT2-cell-4.swc,132,interneuron,True,0.9393,0.9696,0.8864,0,131,0
neuromorpho__SST2A-GFP-SST-VGLUT2-cell-5.swc,203,interneuron,True,0.9975,0.9988,0.9951,0,202,0
neuromorpho__SST2A-GFP-SST-VGLUT2-cell-7.swc,217,interneuron,True,1.0,1.0,1.0,0,216,0
neuromorpho__SST2A-GFP-SST-VGLUT2-cell-8.swc,165,interneuron,True,1.0,1.0,1.0,0,164,0
neuromorpho__T44a.swc,4278,pyramidal,False,0.7937,0.8968,0.658,0,4277,0
neuromorpho__T75.swc,2112,interneuron,True,0.7575,0.8788,0.6098,0,2111,0
neuromorpho__TDI21301006_Cell1_pia.swc,39688,interneuron,True,1.0,1.0,1.0,0,2970,36717
neuromorpho__TDI21301008-cell13_pia.swc,12500,interneuron,True,0.9864,0.991,0.9954,0,1209,11290
neuromorpho__TDI21301008-Cell21_L6_pia.swc,22357,interneuron,True,1.0,1.0,1.0,0,3349,19007
neuromorpho__TDI21301008-cell5_pia.swc,9876,interneuron,True,1.0,1.0,1.0,0,1200,8675
neuromorpho__TDI21301008_Cell14_spine_pia.swc,12453,interneuron,True,1.0,1.0,1.0,0,2074,10378
neuromorpho__TDI21301008_cell19_pia_spine.swc,12805,interneuron,True,1.0,1.0,1.0,0,1838,10966
neuromorpho__TDI21301008_Cell1_pia.swc,23033,interneuron,True,1.0,1.0,1.0,0,2708,20324
neuromorpho__TDI21301008_Cell20_pia.swc,19522,interneuron,True,1.0,1.0,1.0,0,2137,17384
neuromorpho__TDI21301008_cell25_pia.swc,7125,interneuron,True,1.0,1.0,1.0,0,656,6468
neuromorpho__TDI21301008_cell2_pia.swc,16055,interneuron,True,0.9279,0.952,0.9686,0,2249,13805
neuromorpho__TDI21301008_cell4_spines.swc,19186,interneuron,True,1.0,1.0,1.0,0,1919,17266
neuromorpho__TDI21301009_Cell1_pia.swc,40460,interneuron,True,1.0,1.0,1.0,0,2814,37645
neuromorpho__TDI21301009_Cell2_pia.swc,32855,interneuron,True,1.0,1.0,1.0,0,2729,30125
neuromorpho__TDI21301009_cell5_L6_pia_WM.swc,7179,interneuron,True,1.0,1.0,1.0,0,720,6458
neuromorpho__TDI21301010_cell3_spines.swc,20245,interneuron,True,1.0,1.0,1.0,0,2287,17957
neuromorpho__TDI21301010_cell5_Pia.swc,11079,interneuron,True,1.0,1.0,1.0,0,1081,9997
neuromorpho__TDI21301010_Cell6_pia.swc,12183,interneuron,True,1.0,1.0,1.0,0,1387,10795
neuromorpho__TDI21301010_cell7_pia.swc,11648,interneuron,True,1.0,1.0,1.0,0,1588,10059
neuromorpho__TDI21301010_Cell_pia.swc,14714,interneuron,True,1.0,1.0,1.0,0,2305,12408
neuromorpho__TDI21301012-cell13_pia.swc,13184,interneuron,True,1.0,1.0,1.0,0,1755,11428
neuromorpho__TDI21301012-cell4_pia.swc,7437,interneuron,True,1.0,1.0,1.0,0,896,6540
neuromorpho__TDI21301012_cell10_pia.swc,7577,interneuron,True,1.0,1.0,1.0,0,932,6644
neuromorpho__TDI21301012_Cell11_pia.swc,18817,interneuron,True,0.9953,0.9968,0.9986,0,1503,17313
neuromorpho__TDI21301012_cell12_spine_pia.swc,10284,interneuron,True,1.0,1.0,1.0,0,1271,9012
neuromorpho__TDI21301012_Cell1_pia.swc,23328,interneuron,True,0.9916,0.9944,0.997,0,2382,20945
neuromorpho__TDI21301012_Cell2_pia.swc,28933,interneuron,True,1.0,1.0,1.0,0,2601,26331
neuromorpho__TDI21301012_cell3_spine_pia.swc,9695,interneuron,True,1.0,1.0,1.0,0,1066,8628
neuromorpho__TDI21301012_cell5_spine_pia.swc,10504,interneuron,True,1.0,1.0,1.0,0,1125,9378
neuromorpho__TDI21301012_cell6_spine_pia.swc,10980,interneuron,True,1.0,1.0,1.0,0,1223,9756
neuromorpho__TDI21301012_Cell8_spine_pia.swc,8273,interneuron,True,1.0,1.0,1.0,0,1392,6880
neuromorpho__TDI21301012_Cell9_pia.swc,9839,interneuron,True,1.0,1.0,1.0,0,1160,8678
neuromorpho__TDI21301013_Cell1_pia.swc,24217,interneuron,True,1.0,1.0,1.0,0,2205,22011
neuromorpho__TDI21301013_cell2_spines_pia.swc,27195,interneuron,True,1.0,1.0,1.0,0,2779,24415
neuromorpho__TDI21301013_cell3_spines_pia.swc,24406,interneuron,True,1.0,1.0,1.0,0,1548,22857
neuromorpho__TDI21301013_Cell5_pia.swc,9315,interneuron,True,1.0,1.0,1.0,0,942,8372
neuromorpho__TDI21301013_cell6.swc,6946,interneuron,True,0.9789,0.9859,0.9927,0,644,6301
neuromorpho__TDI21301014_Cell2_pia.swc,21194,interneuron,True,1.0,1.0,1.0,0,2824,18369
neuromorpho__TDI21301015_Cell1_pia.swc,22332,interneuron,True,0.9802,0.9868,0.9921,0,2590,19741
neuromorpho__TDI21301015_Cell2_pia.swc,21240,interneuron,True,1.0,1.0,1.0,0,2175,19064
neuromorpho__TDI21301015_Cell3_Pia.swc,18063,interneuron,True,1.0,1.0,1.0,0,2078,15984
neuromorpho__TDI21301017-Cell11_pia.swc,14929,interneuron,True,1.0,1.0,1.0,0,881,14047
neuromorpho__TDI21301017_cell10_withoutspine_pia.swc,9686,interneuron,True,1.0,1.0,1.0,0,1009,8676
neuromorpho__TDI21301017_Cell12_pia.swc,8695,interneuron,True,0.982,0.988,0.9915,0,1230,7464
neuromorpho__TDI21301017_Cell13_pia.swc,6841,interneuron,True,1.0,1.0,1.0,0,970,5870
neuromorpho__TDI21301017_Cell15_pia.swc,16497,interneuron,True,1.0,1.0,1.0,0,989,15507
neuromorpho__TDI21301017_Cell1_pia.swc,16481,interneuron,True,1.0,1.0,1.0,0,1390,15090
neuromorpho__TDI21301017_cell2_pia_spines.swc,15735,interneuron,True,1.0,1.0,1.0,0,1832,13902
neuromorpho__TDI21301017_cell3_spines_pia.swc,23426,interneuron,True,1.0,1.0,1.0,0,1980,21445
neuromorpho__TDI21301017_Cell5_spine_pia.swc,14996,interneuron,True,1.0,1.0,1.0,0,1447,13548
neuromorpho__TDI21301017_Cell6_pia.swc,9157,interneuron,True,1.0,1.0,1.0,0,1123,8033
neuromorpho__TDI21301017_Cell8_spine_pia.swc,25703,interneuron,True,1.0,1.0,1.0,0,3377,22325
neuromorpho__TDI21301018-Cell2_pia.swc,17075,interneuron,True,1.0,1.0,1.0,0,1855,15219
neuromorpho__TDI21301018_Cell1_pia.swc,11483,interneuron,True,1.0,1.0,1.0,0,1022,10460
neuromorpho__TDI21301018_Cell3_spine_pia.swc,8998,interneuron,True,1.0,1.0,1.0,0,931,8066
neuromorpho__TDI21301019_Cell1_pia.swc,14665,interneuron,True,0.9633,0.9755,0.9833,0,2040,12624
neuromorpho__TDI21301019_Cell3_spine_pia.swc,14471,interneuron,True,0.9878,0.9919,0.9939,0,2164,12306
neuromorpho__TDI21301020_Cell1_spine_pia.swc,11475,interneuron,True,1.0,1.0,1.0,0,1961,9513
neuromorpho__TDI21302012_Cell1_pia.swc,16205,interneuron,True,1.0,1.0,1.0,0,2044,14160
neuromorpho__TDI21302012_Cell2_spine_pia.swc,12228,interneuron,True,1.0,1.0,1.0,0,1545,10682
neuromorpho__TDI21302012_cell3_pia.swc,14049,interneuron,True,1.0,1.0,1.0,0,2246,11802
neuromorpho__TDI21302012_Cell4_spine_pia.swc,15121,interneuron,True,1.0,1.0,1.0,0,2036,13084
neuromorpho__TDI301020_cell2_spine_pia.swc,13019,interneuron,True,0.9997,0.9998,0.9998,0,1927,11091
neuromorpho__TM-06-23-15-ER.swc,15949,interneuron,True,1.0,1.0,1.0,0,2548,13400
neuromorpho__TM-06-24-15-AR.swc,15392,interneuron,True,0.9968,0.9978,0.9982,0,2512,12879
neuromorpho__TM-06-25-15-BR.swc,28770,interneuron,True,1.0,1.0,1.0,0,3243,25526
neuromorpho__TM-08-19-14-AR.swc,13728,interneuron,True,1.0,1.0,1.0,0,1042,12685
neuromorpho__TM-09-09-15-BR.swc,21270,interneuron,True,0.9978,0.9985,0.999,0,2708,18561
neuromorpho__TM-10-02-15-AR.swc,45789,interneuron,True,1.0,1.0,1.0,0,4196,41592
neuromorpho__TM-11-12-13-DR.swc,26649,interneuron,True,0.9981,0.9988,0.9992,0,3191,23457
neuromorpho__TM-11-12-13-ER.swc,20222,interneuron,True,0.9998,0.9999,0.9999,0,2708,17513
neuromorpho__TM-12-11-14-ER.swc,22786,interneuron,True,1.0,1.0,1.0,0,2099,20686
neuromorpho__TT-01-08-14-1R.swc,21664,interneuron,True,1.0,1.0,1.0,0,2236,19427
neuromorpho__TT-01-28-14-1R.swc,14871,pyramidal,False,1.0,1.0,1.0,0,5358,9512
neuromorpho__TT-01-28-14-2R.swc,13439,interneuron,True,1.0,1.0,1.0,0,2124,11314
neuromorpho__TT-02-21-14-2R.swc,11286,interneuron,True,1.0,1.0,1.0,0,3439,7846
neuromorpho__TT-02-23-4-1R.swc,26560,interneuron,True,1.0,1.0,1.0,0,8900,17659
neuromorpho__TT-02-28-14-2R.swc,13977,interneuron,True,1.0,1.0,1.0,0,2029,11947
neuromorpho__TT-04-03-14-1R.swc,15668,interneuron,True,1.0,1.0,1.0,0,2292,13375
neuromorpho__TT-1-23-14-2R.swc,44384,interneuron,True,0.9603,0.9735,0.975,0,9261,35122
neuromorpho__TT-12-12-13-2R.swc,28658,interneuron,True,1.0,1.0,1.0,0,3572,25085
neuromorpho__TT-12-18-13-1R.swc,23435,interneuron,True,1.0,1.0,1.0,0,1857,21577
neuromorpho__TT-3-20-14-1R.swc,30744,interneuron,True,1.0,1.0,1.0,0,1675,29068
neuromorpho__Vip-IRES-Cre_Ai14-287858-04-01-01_596793095_m.swc,13697,interneuron,True,1.0,1.0,1.0,0,3648,10048
neuromorpho__Vip-IRES-Cre_Ai14-294013-04-02-01_591275914_m.swc,8105,interneuron,True,1.0,1.0,1.0,0,1627,6477
neuromorpho__Vip-IRES-Cre_Ai14-294014-04-02-01_659296496_m.swc,7333,interneuron,True,1.0,1.0,1.0,0,1656,5676
neuromorpho__Vip-IRES-Cre_Ai14-299123-04-01-01_587405140_m.swc,4683,interneuron,True,1.0,1.0,1.0,0,1653,3029
neuromorpho__Vip-IRES-Cre_Ai14-299124-04-02-01_591276216_m.swc,11101,interneuron,True,1.0,1.0,1.0,0,2086,9014
neuromorpho__Vip-IRES-Cre_Ai14-299124-05-01-01_591276089_m.swc,9510,interneuron,True,1.0,1.0,1.0,0,2837,6672
neuromorpho__Vip-IRES-Cre_Ai14-313529-03-01-01_596799462_m.swc,10675,interneuron,True,1.0,1.0,1.0,0,3435,7239
neuromorpho__Vip-IRES-Cre_Ai14_IVSCC_-243617-05-02-01_657267317_m.swc,6283,interneuron,True,1.0,1.0,1.0,0,2042,4240
neuromorpho__Vip-IRES-Cre_Ai14_IVSCC_-247244-05-02-01_657210312_m.swc,4518,interneuron,True,1.0,1.0,1.0,0,1930,2587
neuromorpho__Vip-IRES-Cre_Ai14_IVSCC_-253382-05-01-01_556384349_m.swc,5411,interneuron,True,0.9816,0.9877,0.9821,0,3084,2326
neuromorpho__Vip-IRES-Cre_Ai14_IVSCC_-264875-04-02-01_559392178_m.swc,8187,interneuron,True,1.0,1.0,1.0,0,2813,5373
neuromorpho__Vip-IRES-Cre_Ai14_IVSCC_-264875-06-01-01_653337413_m.swc,5787,interneuron,True,1.0,1.0,1.0,0,1553,4233
neuromorpho__Vipr2-IRES2-Cre_Ai14-297026-05-02-01_582653993_m.swc,9781,interneuron,True,1.0,1.0,1.0,0,1755,8025
neuromorpho__Vipr2-IRES2-Cre_Ai14-304184-04-01-01_601947998_m.swc,23490,interneuron,True,1.0,1.0,1.0,0,3279,20210
neuromorpho__Vipr2-IRES2-Cre_Ai14-310513-05-02-01_637021223_m.swc,13365,interneuron,True,1.0,1.0,1.0,0,1912,11452
neuromorpho__Vipr2-IRES2-Cre_Ai14-310515-06-01-01_596799483_m.swc,7536,interneuron,True,1.0,1.0,1.0,0,679,6856
neuromorpho__Vipr2-IRES2-Cre_Ai14-316908-04-02-01_648577094_m.swc,19130,interneuron,True,1.0,1.0,1.0,0,1851,17278
neuromorpho__Vipr2-IRES2-Cre_Pvalb-T2A-FlpO_Ai65-344474-02-02-01_648742933_m.swc,20257,interneuron,True,1.0,1.0,1.0,0,2425,17831
neuromorpho__Vipr2-IRES2-Cre_Pvalb-T2A-FlpO_Ai65-344474-05-01-01_645075400_m.swc,14474,interneuron,True,1.0,1.0,1.0,0,2676,11797
neuromorpho__Vipr2-IRES2-Cre_Slc32a1-T2A-FlpO_Ai65-315067-04-02-01_610886090_m.swc,8241,interneuron,True,1.0,1.0,1.0,0,1620,6620
neuromorpho__Vipr2-IRES2-Cre_Slc32a1-T2A-FlpO_Ai65-315067-05-01-01_640104110_m.swc,11013,interneuron,True,1.0,1.0,1.0,0,2116,8896
neuromorpho__Vipr2-IRES2-Cre_Slc32a1-T2A-FlpO_Ai65-315067-05-02-01_610886173_m.swc,10490,interneuron,True,1.0,1.0,1.0,0,1728,8761
neuromorpho__Vipr2-IRES2-Cre_Slc32a1-T2A-FlpO_Ai65-315067-06-01-01_636989642_m.swc,14707,interneuron,True,1.0,1.0,1.0,0,2196,12510
neuromorpho__Vipr2-IRES2-Cre_Slc32a1-T2A-FlpO_Ai65-315069-04-01-01_614432441_m.swc,9283,interneuron,True,1.0,1.0,1.0,0,1414,7868
neuromorpho__Vipr2-IRES2-Cre_Slc32a1-T2A-FlpO_Ai65-315069-05-01-01_638206442_m.swc,10597,interneuron,True,1.0,1.0,1.0,0,1413,9183
neuromorpho__Vipr2-IRES2-Cre_Slc32a1-T2A-FlpO_Ai65-315069-05-02-01_614432539_m.swc,10593,interneuron,True,1.0,1.0,1.0,0,1197,9395
neuromorpho__Vipr2-IRES2-Cre_Slc32a1-T2A-FlpO_Ai65-315072-04-02-01_623893374_m.swc,9435,interneuron,True,1.0,1.0,1.0,0,1961,7473
neuromorpho__Vipr2-IRES2-Cre_Slc32a1-T2A-FlpO_Ai65-315072-05-01-01_638976782_m.swc,14339,interneuron,True,1.0,1.0,1.0,0,1835,12503
neuromorpho__Vipr2-IRES2-Cre_Slc32a1-T2A-FlpO_Ai65-343382-04-02-01_640109715_m.swc,11067,interneuron,True,1.0,1.0,1.0,0,1007,10059
