scope,feature_mode,test_seed,selected_model,selected_feature_set,n_train,n_val,n_test,n_bad_test,bad_rate_test,before_f1_mean,before_f1_p10,test_ap,test_auc,model_path,operating_point,target_value,validation_precision,validation_recall,score_threshold,reject_rate,n_rejected,precision_lt_target,recall_lt_target,binary_accuracy,kept_f1_p10,rejected_f1_mean,tp,fp,fn,tn,kept_f1_mean,kept_f1_p25
all,compact,123,rf,numeric_only,2778,910,2402,211,0.08784346378018318,0.9260884263114071,0.6341800000000001,0.38287418412785656,0.8590096062954654,paper/models/final_flag_multiseed_loso/all_compact_testseed123_f060.joblib,validation_recall,0.8,0.375,0.8095238095238095,0.4105653888826246,0.1652789342214821,397,0.32997481108312343,0.6208530805687204,0.8559533721898418,0.9659800000000001,0.7454566750629723,131,266,80,1925,,
all,compact,123,rf,numeric_only,2778,910,2402,211,0.08784346378018318,0.9260884263114071,0.6341800000000001,0.38287418412785656,0.8590096062954654,paper/models/final_flag_multiseed_loso/all_compact_testseed123_f060.joblib,fixed_reject_rate,0.1,,,,0.1,240,0.38333333333333336,0.43601895734597157,0.888842631140716,0.8461500000000002,0.7038445833333333,92,148,119,2043,0.95075934320074,1.0
all,compact,42,extra_trees,no_lab,2835,953,2328,169,0.07259450171821306,0.9392518041237113,0.6742400000000002,0.42479657405339655,0.8577771321919254,paper/models/final_flag_multiseed_loso/all_compact_testseed42_f060.joblib,validation_recall,0.8,0.2964824120603015,0.8082191780821918,0.4499754580544375,0.1799828178694158,419,0.2720763723150358,0.6745562130177515,0.845360824742268,0.99174,0.7971140811455847,114,305,55,1854,,
all,compact,42,extra_trees,no_lab,2835,953,2328,169,0.07259450171821306,0.9392518041237113,0.6742400000000002,0.42479657405339655,0.8577771321919254,paper/models/final_flag_multiseed_loso/all_compact_testseed42_f060.joblib,fixed_reject_rate,0.1,,,,0.1,233,0.39914163090128757,0.5502958579881657,0.9072164948453608,0.9521999999999999,0.7204180257510729,93,140,76,2019,0.9635898806682578,1.0
all,compact,789,hgb,full,2856,958,2293,148,0.06454426515481901,0.9434018316615785,0.78374,0.3487723374530717,0.8770963270963271,paper/models/final_flag_multiseed_loso/all_compact_testseed789_f060.joblib,validation_recall,0.8,0.2857142857142857,0.8,0.1590395997118397,0.23724378543392935,544,0.21507352941176472,0.7905405405405406,0.8002616659398168,1.0,0.825561580882353,117,427,31,1718,,
all,compact,789,hgb,full,2856,958,2293,148,0.06454426515481901,0.9434018316615785,0.78374,0.3487723374530717,0.8770963270963271,paper/models/final_flag_multiseed_loso/all_compact_testseed789_f060.joblib,fixed_reject_rate,0.1,,,,0.1,229,0.35807860262008734,0.5540540540540541,0.907108591365024,0.97444,0.7441366812227075,82,147,66,1998,0.965510222868217,1.0
all,branch3,123,hgb,full,2778,910,2402,211,0.08784346378018318,0.9260884263114071,0.6341800000000001,0.43470751880428415,0.8502945050951652,paper/models/final_flag_multiseed_loso/all_branch3_testseed123_f060.joblib,validation_recall,0.8,0.38345864661654133,0.8095238095238095,0.2996942793070407,0.17277268942547877,415,0.3349397590361446,0.6587677725118484,0.855120732722731,0.9768,0.742963373493976,139,276,72,1915,,
all,branch3,123,hgb,full,2778,910,2402,211,0.08784346378018318,0.9260884263114071,0.6341800000000001,0.43470751880428415,0.8502945050951652,paper/models/final_flag_multiseed_loso/all_branch3_testseed123_f060.joblib,fixed_reject_rate,0.1,,,,0.1,240,0.44583333333333336,0.5071090047393365,0.9013322231473772,0.90742,0.6654141666666666,107,133,104,2058,0.9550254394079556,1.0
all,branch3,42,extra_trees,no_lab,2835,953,2328,169,0.07259450171821306,0.9392518041237113,0.6742400000000002,0.42655550075184756,0.8601752400163346,paper/models/final_flag_multiseed_loso/all_branch3_testseed42_f060.joblib,validation_recall,0.8,0.2822966507177033,0.8082191780821918,0.439226769409262,0.19845360824742267,462,0.2683982683982684,0.7337278106508875,0.8354810996563574,0.9953000000000001,0.8053941558441559,124,338,45,1821,,
all,branch3,42,extra_trees,no_lab,2835,953,2328,169,0.07259450171821306,0.9392518041237113,0.6742400000000002,0.42655550075184756,0.8601752400163346,paper/models/final_flag_multiseed_loso/all_branch3_testseed42_f060.joblib,fixed_reject_rate,0.1,,,,0.1,233,0.3948497854077253,0.5443786982248521,0.9063573883161512,0.94974,0.7235751072961374,92,141,77,2018,0.9632387589498808,1.0
all,branch3,789,hgb,full,2856,958,2293,148,0.06454426515481901,0.9434018316615785,0.78374,0.35271885138767795,0.8783878283878285,paper/models/final_flag_multiseed_loso/all_branch3_testseed789_f060.joblib,validation_recall,0.8,0.26666666666666666,0.8,0.14330508643776693,0.25032708242477103,574,0.21428571428571427,0.831081081081081,0.7924116877453118,1.0,0.8292172473867595,123,451,25,1694,,
all,branch3,789,hgb,full,2856,958,2293,148,0.06454426515481901,0.9434018316615785,0.78374,0.35271885138767795,0.8783878283878285,paper/models/final_flag_multiseed_loso/all_branch3_testseed789_f060.joblib,fixed_reject_rate,0.1,,,,0.1,229,0.35807860262008734,0.5540540540540541,0.907108591365024,0.97872,0.7387065502183405,82,147,66,1998,0.9661126937984496,1.0
all,baseline_oof,123,hgb,full,2778,910,2402,211,0.08784346378018318,0.9260884263114071,0.6341800000000001,0.5228992666501873,0.8901451651629566,paper/models/final_flag_multiseed_loso/all_baseline_oof_testseed123_f060.joblib,validation_recall,0.8,0.40476190476190477,0.8095238095238095,0.19496988836762327,0.1723563696919234,414,0.36231884057971014,0.7109004739336493,0.8646960865945046,0.99117,0.7207949275362318,150,264,61,1927,,
all,baseline_oof,123,hgb,full,2778,910,2402,211,0.08784346378018318,0.9260884263114071,0.6341800000000001,0.5228992666501873,0.8901451651629566,paper/models/final_flag_multiseed_loso/all_baseline_oof_testseed123_f060.joblib,fixed_reject_rate,0.1,,,,0.1,240,0.48333333333333334,0.5497630331753555,0.9088259783513739,0.9064,0.6484704166666667,116,124,95,2067,0.9569063367252545,1.0
all,baseline_oof,42,rf,no_lab,2835,953,2328,169,0.07259450171821306,0.9392518041237113,0.6742400000000002,0.4969710735596311,0.9012226238862502,paper/models/final_flag_multiseed_loso/all_baseline_oof_testseed42_f060.joblib,validation_recall,0.8,0.34705882352941175,0.8082191780821918,0.2968810125260001,0.1481958762886598,345,0.336231884057971,0.6863905325443787,0.8788659793814433,0.99514,0.7518779710144927,116,229,53,1930,,
all,baseline_oof,42,rf,no_lab,2835,953,2328,169,0.07259450171821306,0.9392518041237113,0.6742400000000002,0.4969710735596311,0.9012226238862502,paper/models/final_flag_multiseed_loso/all_baseline_oof_testseed42_f060.joblib,fixed_reject_rate,0.1,,,,0.1,233,0.4206008583690987,0.5798816568047337,0.9115120274914089,0.9788,0.694424034334764,98,135,71,2024,0.9664808591885441,1.0
all,baseline_oof,789,rf,full,2856,958,2293,148,0.06454426515481901,0.9434018316615785,0.78374,0.4183494689072975,0.9117904617904617,paper/models/final_flag_multiseed_loso/all_baseline_oof_testseed789_f060.joblib,validation_recall,0.8,0.32989690721649484,0.8,0.27904410433254917,0.20366332315743568,467,0.2698072805139186,0.8513513513513513,0.8416921064108155,1.0,0.7932436830835118,126,341,22,1804,,
all,baseline_oof,789,rf,full,2856,958,2293,148,0.06454426515481901,0.9434018316615785,0.78374,0.4183494689072975,0.9117904617904617,paper/models/final_flag_multiseed_loso/all_baseline_oof_testseed789_f060.joblib,fixed_reject_rate,0.1,,,,0.1,229,0.39737991266375544,0.6148648648648649,0.914958569559529,0.98736,0.7093781659388647,91,138,57,2007,0.9693666666666667,1.0
all,v12_oof,123,hgb,full,2778,910,2402,211,0.08784346378018318,0.9260884263114071,0.6341800000000001,0.524782197342977,0.8905388480665193,paper/models/final_flag_multiseed_loso/all_v12_oof_testseed123_f060.joblib,validation_recall,0.8,0.4214876033057851,0.8095238095238095,0.21522189566867106,0.16486261448792672,396,0.3686868686868687,0.6919431279620853,0.8688592839300583,0.98815,0.7172712121212121,146,250,65,1941,,
all,v12_oof,123,hgb,full,2778,910,2402,211,0.08784346378018318,0.9260884263114071,0.6341800000000001,0.524782197342977,0.8905388480665193,paper/models/final_flag_multiseed_loso/all_v12_oof_testseed123_f060.joblib,fixed_reject_rate,0.1,,,,0.1,240,0.48333333333333334,0.5497630331753555,0.9088259783513739,0.9176000000000001,0.64734375,116,124,95,2067,0.9570314061054578,1.0
all,v12_oof,42,rf,full,2835,953,2328,169,0.07259450171821306,0.9392518041237113,0.6742400000000002,0.4925768492188967,0.9029355580465426,paper/models/final_flag_multiseed_loso/all_v12_oof_testseed42_f060.joblib,validation_recall,0.8,0.3597560975609756,0.8082191780821918,0.33413895349311346,0.1400343642611684,326,0.3374233128834356,0.650887573964497,0.881872852233677,0.99372,0.7478631901840491,110,216,59,1943,,
all,v12_oof,42,rf,full,2835,953,2328,169,0.07259450171821306,0.9392518041237113,0.6742400000000002,0.4925768492188967,0.9029355580465426,paper/models/final_flag_multiseed_loso/all_v12_oof_testseed42_f060.joblib,fixed_reject_rate,0.1,,,,0.1,233,0.4206008583690987,0.5798816568047337,0.9115120274914089,0.9788,0.6911828326180258,98,135,71,2024,0.9668413365155131,1.0
all,v12_oof,789,rf,no_lab,2856,958,2293,148,0.06454426515481901,0.9434018316615785,0.78374,0.40499044672318696,0.9109305109305109,paper/models/final_flag_multiseed_loso/all_v12_oof_testseed789_f060.joblib,validation_recall,0.8,0.3333333333333333,0.8,0.27324085987323365,0.2006105538595726,460,0.27608695652173915,0.8581081081081081,0.8456170955080681,1.0,0.7895134782608696,127,333,21,1812,,
all,v12_oof,789,rf,no_lab,2856,958,2293,148,0.06454426515481901,0.9434018316615785,0.78374,0.40499044672318696,0.9109305109305109,paper/models/final_flag_multiseed_loso/all_v12_oof_testseed789_f060.joblib,fixed_reject_rate,0.1,,,,0.1,229,0.388646288209607,0.6013513513513513,0.9132141299607501,0.98693,0.7149262008733624,89,140,59,2005,0.9687511143410853,1.0
pyramidal,compact,123,rf,numeric_only,1956,650,1745,177,0.101432664756447,0.9137579369627506,0.59544,0.5023276927502832,0.8897512394788424,paper/models/final_flag_multiseed_loso/pyramidal_compact_testseed123_f060.joblib,validation_recall,0.8,0.5616438356164384,0.803921568627451,0.3926008996687768,0.14498567335243553,253,0.45454545454545453,0.6497175141242938,0.8853868194842407,0.9064,0.6590683794466403,115,138,62,1430,,
pyramidal,compact,123,rf,numeric_only,1956,650,1745,177,0.101432664756447,0.9137579369627506,0.59544,0.5023276927502832,0.8897512394788424,paper/models/final_flag_multiseed_loso/pyramidal_compact_testseed123_f060.joblib,fixed_reject_rate,0.1,,,,0.1,174,0.4885057471264368,0.480225988700565,0.8962750716332378,0.7723,0.6282701149425287,85,89,92,1479,0.9453778485041374,1.0
pyramidal,compact,42,rf,full,2045,684,1662,145,0.08724428399518652,0.926966365824308,0.6333,0.5553397391409766,0.9119314436387606,paper/models/final_flag_multiseed_loso/pyramidal_compact_testseed42_f060.joblib,validation_recall,0.8,0.5384615384615384,0.8032786885245902,0.45210806095834577,0.10589651022864019,176,0.5511363636363636,0.6689655172413793,0.9235860409145608,0.89445,0.6318590909090909,97,79,48,1438,,
pyramidal,compact,42,rf,full,2045,684,1662,145,0.08724428399518652,0.926966365824308,0.6333,0.5553397391409766,0.9119314436387606,paper/models/final_flag_multiseed_loso/pyramidal_compact_testseed42_f060.joblib,fixed_reject_rate,0.1,,,,0.1,166,0.5542168674698795,0.6344827586206897,0.9235860409145608,0.881,0.6248216867469879,92,74,53,1443,0.9604931149732621,1.0
pyramidal,compact,789,hgb,no_lab,2060,693,1618,117,0.0723114956736712,0.9346059950556243,0.6563,0.398041691941863,0.8931823228958473,paper/models/final_flag_multiseed_loso/pyramidal_compact_testseed789_f060.joblib,validation_recall,0.8,0.3522012578616352,0.8,0.09277846411057036,0.34363411619283063,556,0.18345323741007194,0.8717948717948718,0.7101359703337453,1.0,0.8507311151079135,102,454,15,1047,,
pyramidal,compact,789,hgb,no_lab,2060,693,1618,117,0.0723114956736712,0.9346059950556243,0.6563,0.398041691941863,0.8931823228958473,paper/models/final_flag_multiseed_loso/pyramidal_compact_testseed789_f060.joblib,fixed_reject_rate,0.1,,,,0.1,162,0.4567901234567901,0.6324786324786325,0.919035846724351,0.952,0.6681246913580247,74,88,43,1413,0.9642557005494504,1.0
pyramidal,branch3,123,extra_trees,full,1956,650,1745,177,0.101432664756447,0.9137579369627506,0.59544,0.4968727375153411,0.8837195895307275,paper/models/final_flag_multiseed_loso/pyramidal_branch3_testseed123_f060.joblib,validation_recall,0.8,0.6029411764705882,0.803921568627451,0.6235101198292831,0.12550143266475644,219,0.4885844748858447,0.6045197740112994,0.8957020057306591,0.8646,0.6255031963470321,107,112,70,1456,,
pyramidal,branch3,123,extra_trees,full,1956,650,1745,177,0.101432664756447,0.9137579369627506,0.59544,0.4968727375153411,0.8837195895307275,paper/models/final_flag_multiseed_loso/pyramidal_branch3_testseed123_f060.joblib,fixed_reject_rate,0.1,,,,0.1,174,0.5229885057471264,0.5141242937853108,0.9031518624641833,0.7962,0.6009637931034483,91,83,86,1485,0.948402227880331,1.0
pyramidal,branch3,42,rf,no_lab,2045,684,1662,145,0.08724428399518652,0.926966365824308,0.6333,0.5373133578995366,0.9079989998408838,paper/models/final_flag_multiseed_loso/pyramidal_branch3_testseed42_f060.joblib,validation_recall,0.8,0.5697674418604651,0.8032786885245902,0.44952603762599097,0.10288808664259928,171,0.5614035087719298,0.6620689655172414,0.9253910950661853,0.8934,0.6280777777777778,96,75,49,1442,,
pyramidal,branch3,42,rf,no_lab,2045,684,1662,145,0.08724428399518652,0.926966365824308,0.6333,0.5373133578995366,0.9079989998408838,paper/models/final_flag_multiseed_loso/pyramidal_branch3_testseed42_f060.joblib,fixed_reject_rate,0.1,,,,0.1,166,0.5602409638554217,0.6413793103448275,0.9247894103489771,0.88285,0.6251132530120482,93,73,52,1444,0.9604607620320854,1.0
pyramidal,branch3,789,hgb,full,2060,693,1618,117,0.0723114956736712,0.9346059950556243,0.6563,0.4117269303411756,0.8984153014799251,paper/models/final_flag_multiseed_loso/pyramidal_branch3_testseed789_f060.joblib,validation_recall,0.8,0.34355828220858897,0.8,0.08809172068696053,0.32818294190358466,531,0.192090395480226,0.8717948717948718,0.7255871446229913,1.0,0.8429529190207157,102,429,15,1072,,
pyramidal,branch3,789,hgb,full,2060,693,1618,117,0.0723114956736712,0.9346059950556243,0.6563,0.4117269303411756,0.8984153014799251,paper/models/final_flag_multiseed_loso/pyramidal_branch3_testseed789_f060.joblib,fixed_reject_rate,0.1,,,,0.1,162,0.4567901234567901,0.6324786324786325,0.919035846724351,0.9434,0.670212962962963,74,88,43,1413,0.9640233516483516,1.0
pyramidal,baseline_oof,123,hgb,no_lab,1956,650,1745,177,0.101432664756447,0.9137579369627506,0.59544,0.6434056303683426,0.909698201314424,paper/models/final_flag_multiseed_loso/pyramidal_baseline_oof_testseed123_f060.joblib,validation_recall,0.8,0.7321428571428571,0.803921568627451,0.5412325333164659,0.10429799426934097,182,0.5604395604395604,0.576271186440678,0.9111747851002865,0.8091400000000001,0.5947104395604396,102,80,75,1488,,
pyramidal,baseline_oof,123,hgb,no_lab,1956,650,1745,177,0.101432664756447,0.9137579369627506,0.59544,0.6434056303683426,0.909698201314424,paper/models/final_flag_multiseed_loso/pyramidal_baseline_oof_testseed123_f060.joblib,fixed_reject_rate,0.1,,,,0.1,174,0.5862068965517241,0.576271186440678,0.9157593123209169,0.8083,0.5799879310344828,102,72,75,1496,0.9507254614894971,1.0
pyramidal,baseline_oof,42,hgb,full,2045,684,1662,145,0.08724428399518652,0.926966365824308,0.6333,0.6993854659556031,0.927520287318437,paper/models/final_flag_multiseed_loso/pyramidal_baseline_oof_testseed42_f060.joblib,validation_recall,0.8,0.6363636363636364,0.8032786885245902,0.41262006039562765,0.08844765342960288,147,0.6530612244897959,0.6620689655172414,0.9398315282791817,0.89586,0.5643278911564625,96,51,49,1466,,
pyramidal,baseline_oof,42,hgb,full,2045,684,1662,145,0.08724428399518652,0.926966365824308,0.6333,0.6993854659556031,0.927520287318437,paper/models/final_flag_multiseed_loso/pyramidal_baseline_oof_testseed42_f060.joblib,fixed_reject_rate,0.1,,,,0.1,166,0.6024096385542169,0.6896551724137931,0.9332129963898917,0.9124,0.5936957831325301,100,66,45,1451,0.9639469251336897,1.0
pyramidal,baseline_oof,789,rf,no_lab,2060,693,1618,117,0.0723114956736712,0.9346059950556243,0.6563,0.4926771132653373,0.9191763895294875,paper/models/final_flag_multiseed_loso/pyramidal_baseline_oof_testseed789_f060.joblib,validation_recall,0.8,0.5045045045045045,0.8,0.28566835883231806,0.16749072929542647,271,0.3726937269372694,0.8632478632478633,0.8850432632880099,0.9973599999999999,0.7235963099630996,101,170,16,1331,,
pyramidal,baseline_oof,789,rf,no_lab,2060,693,1618,117,0.0723114956736712,0.9346059950556243,0.6563,0.4926771132653373,0.9191763895294875,paper/models/final_flag_multiseed_loso/pyramidal_baseline_oof_testseed789_f060.joblib,fixed_reject_rate,0.1,,,,0.1,162,0.48148148148148145,0.6666666666666666,0.9239802224969098,0.96885,0.6415771604938272,78,84,39,1417,0.9672094780219781,1.0
pyramidal,v12_oof,123,hgb,no_lab,1956,650,1745,177,0.101432664756447,0.9137579369627506,0.59544,0.640587054344543,0.9141408682116914,paper/models/final_flag_multiseed_loso/pyramidal_v12_oof_testseed123_f060.joblib,validation_recall,0.8,0.7192982456140351,0.803921568627451,0.5777253827666335,0.0991404011461318,173,0.6011560693641619,0.5875706214689266,0.9186246418338109,0.8087200000000001,0.5759843930635837,104,69,73,1499,,
pyramidal,v12_oof,123,hgb,no_lab,1956,650,1745,177,0.101432664756447,0.9137579369627506,0.59544,0.640587054344543,0.9141408682116914,paper/models/final_flag_multiseed_loso/pyramidal_v12_oof_testseed123_f060.joblib,fixed_reject_rate,0.1,,,,0.1,174,0.603448275862069,0.5932203389830508,0.9191977077363896,0.8125,0.5757316091954022,105,69,72,1499,0.9511968809675366,1.0
pyramidal,v12_oof,42,hgb,no_lab,2045,684,1662,145,0.08724428399518652,0.926966365824308,0.6333,0.6793285634343651,0.9220785124906236,paper/models/final_flag_multiseed_loso/pyramidal_v12_oof_testseed42_f060.joblib,validation_recall,0.8,0.6447368421052632,0.8032786885245902,0.42796545646637985,0.08604091456077016,143,0.6083916083916084,0.6,0.9314079422382672,0.8839600000000001,0.5771531468531469,87,56,58,1461,,
pyramidal,v12_oof,42,hgb,no_lab,2045,684,1662,145,0.08724428399518652,0.926966365824308,0.6333,0.6793285634343651,0.9220785124906236,paper/models/final_flag_multiseed_loso/pyramidal_v12_oof_testseed42_f060.joblib,fixed_reject_rate,0.1,,,,0.1,166,0.5662650602409639,0.6482758620689655,0.9259927797833934,0.91065,0.6050524096385543,94,72,51,1445,0.9626867647058823,1.0
pyramidal,v12_oof,789,rf,no_lab,2060,693,1618,117,0.0723114956736712,0.9346059950556243,0.6563,0.5001038434777025,0.9245460291429645,paper/models/final_flag_multiseed_loso/pyramidal_v12_oof_testseed789_f060.joblib,validation_recall,0.8,0.49557522123893805,0.8,0.2910283654825548,0.16563658838071693,268,0.376865671641791,0.8632478632478633,0.8868974042027195,0.9965900000000001,0.7207496268656717,101,167,16,1334,,
pyramidal,v12_oof,789,rf,no_lab,2060,693,1618,117,0.0723114956736712,0.9346059950556243,0.6563,0.5001038434777025,0.9245460291429645,paper/models/final_flag_multiseed_loso/pyramidal_v12_oof_testseed789_f060.joblib,fixed_reject_rate,0.1,,,,0.1,162,0.48148148148148145,0.6666666666666666,0.9239802224969098,0.96885,0.6421759259259259,78,84,39,1417,0.9671428571428572,1.0
interneuron,compact,123,rf,no_lab,816,266,657,34,0.0517503805175038,0.9588383561643835,0.9840000000000001,0.325629202223523,0.8478425077896327,paper/models/final_flag_multiseed_loso/interneuron_compact_testseed123_f060.joblib,validation_recall,0.8,0.125,0.8181818181818182,0.10493968369609251,0.3287671232876712,216,0.13425925925925927,0.8529411764705882,0.7077625570776256,1.0,0.8969087962962962,29,187,5,436,,
interneuron,compact,123,rf,no_lab,816,266,657,34,0.0517503805175038,0.9588383561643835,0.9840000000000001,0.325629202223523,0.8478425077896327,paper/models/final_flag_multiseed_loso/interneuron_compact_testseed123_f060.joblib,fixed_reject_rate,0.1,,,,0.1,66,0.21212121212121213,0.4117647058823529,0.8904109589041096,1.0,0.851569696969697,14,52,20,571,0.9708175972927242,1.0
interneuron,compact,42,rf,numeric_only,798,261,666,24,0.036036036036036036,0.9699100600600601,1.0,0.14236639637265683,0.8176921079958464,paper/models/final_flag_multiseed_loso/interneuron_compact_testseed42_f060.joblib,validation_recall,0.8,0.09734513274336283,0.8461538461538461,0.06057745341928832,0.3918918918918919,261,0.0842911877394636,0.9166666666666666,0.6381381381381381,1.0,0.9302727969348659,22,239,2,403,,
interneuron,compact,42,rf,numeric_only,798,261,666,24,0.036036036036036036,0.9699100600600601,1.0,0.14236639637265683,0.8176921079958464,paper/models/final_flag_multiseed_loso/interneuron_compact_testseed42_f060.joblib,fixed_reject_rate,0.1,,,,0.1,67,0.14925373134328357,0.4166666666666667,0.8933933933933934,1.0,0.898979104477612,10,57,14,585,0.9778439065108513,1.0
interneuron,compact,789,gb,no_lab,794,267,675,31,0.045925925925925926,0.9644857777777777,0.99256,0.24095559721838425,0.8381586856341415,paper/models/final_flag_multiseed_loso/interneuron_compact_testseed789_f060.joblib,validation_recall,0.8,0.2571428571428571,0.8181818181818182,0.05700736797719751,0.13037037037037036,88,0.19318181818181818,0.5483870967741935,0.8740740740740741,1.0,0.8646511363636363,17,71,14,573,,
interneuron,compact,789,gb,no_lab,794,267,675,31,0.045925925925925926,0.9644857777777777,0.99256,0.24095559721838425,0.8381586856341415,paper/models/final_flag_multiseed_loso/interneuron_compact_testseed789_f060.joblib,fixed_reject_rate,0.1,,,,0.1,68,0.23529411764705882,0.5161290322580645,0.9007407407407407,1.0,0.8432617647058822,16,52,15,592,0.9780660626029655,1.0
interneuron,branch3,123,rf,numeric_only,816,266,657,34,0.0517503805175038,0.9588383561643835,0.9840000000000001,0.3293032441203075,0.8473704088376923,paper/models/final_flag_multiseed_loso/interneuron_branch3_testseed123_f060.joblib,validation_recall,0.8,0.11842105263157894,0.8181818181818182,0.0996416685179165,0.3409436834094368,224,0.12946428571428573,0.8529411764705882,0.69558599695586,1.0,0.8989745535714286,29,195,5,428,,
interneuron,branch3,123,rf,numeric_only,816,266,657,34,0.0517503805175038,0.9588383561643835,0.9840000000000001,0.3293032441203075,0.8473704088376923,paper/models/final_flag_multiseed_loso/interneuron_branch3_testseed123_f060.joblib,fixed_reject_rate,0.1,,,,0.1,66,0.21212121212121213,0.4117647058823529,0.8904109589041096,1.0,0.8472984848484848,14,52,20,571,0.9712945854483924,1.0
interneuron,branch3,42,rf,no_lab,798,261,666,24,0.036036036036036036,0.9699100600600601,1.0,0.13923700627377697,0.8144470404984424,paper/models/final_flag_multiseed_loso/interneuron_branch3_testseed42_f060.joblib,validation_recall,0.8,0.10476190476190476,0.8461538461538461,0.07640807744296,0.35285285285285284,235,0.09361702127659574,0.9166666666666666,0.6771771771771772,1.0,0.9232178723404256,22,213,2,429,,
interneuron,branch3,42,rf,no_lab,798,261,666,24,0.036036036036036036,0.9699100600600601,1.0,0.13923700627377697,0.8144470404984424,paper/models/final_flag_multiseed_loso/interneuron_branch3_testseed42_f060.joblib,fixed_reject_rate,0.1,,,,0.1,67,0.13432835820895522,0.375,0.8903903903903904,1.0,0.9052134328358209,9,58,15,584,0.9771465776293823,1.0
interneuron,branch3,789,gb,no_lab,794,267,675,31,0.045925925925925926,0.9644857777777777,0.99256,0.24226112465036462,0.8387096774193548,paper/models/final_flag_multiseed_loso/interneuron_branch3_testseed789_f060.joblib,validation_recall,0.8,0.2571428571428571,0.8181818181818182,0.05700736797719751,0.13185185185185186,89,0.19101123595505617,0.5483870967741935,0.8725925925925926,1.0,0.8661719101123595,17,72,14,572,,
interneuron,branch3,789,gb,no_lab,794,267,675,31,0.045925925925925926,0.9644857777777777,0.99256,0.24226112465036462,0.8387096774193548,paper/models/final_flag_multiseed_loso/interneuron_branch3_testseed789_f060.joblib,fixed_reject_rate,0.1,,,,0.1,68,0.23529411764705882,0.5161290322580645,0.9007407407407407,1.0,0.8389470588235294,16,52,15,592,0.9785494233937395,1.0
interneuron,baseline_oof,123,hgb,full,816,266,657,34,0.0517503805175038,0.9588383561643835,0.9840000000000001,0.36084763745705983,0.846615050514588,paper/models/final_flag_multiseed_loso/interneuron_baseline_oof_testseed123_f060.joblib,validation_recall,0.8,0.32142857142857145,0.8181818181818182,0.023657097501082223,0.1187214611872146,78,0.20512820512820512,0.47058823529411764,0.878234398782344,1.0,0.8450269230769231,16,62,18,561,,
interneuron,baseline_oof,123,hgb,full,816,266,657,34,0.0517503805175038,0.9588383561643835,0.9840000000000001,0.36084763745705983,0.846615050514588,paper/models/final_flag_multiseed_loso/interneuron_baseline_oof_testseed123_f060.joblib,fixed_reject_rate,0.1,,,,0.1,66,0.24242424242424243,0.47058823529411764,0.8964992389649924,1.0,0.8268151515151515,16,50,18,573,0.9735820642978003,1.0
interneuron,baseline_oof,42,rf,no_lab,798,261,666,24,0.036036036036036036,0.9699100600600601,1.0,0.1677497512051506,0.8474169262720664,paper/models/final_flag_multiseed_loso/interneuron_baseline_oof_testseed42_f060.joblib,validation_recall,0.8,0.18333333333333332,0.8461538461538461,0.14123916620595475,0.18468468468468469,123,0.13821138211382114,0.7083333333333334,0.8303303303303303,1.0,0.8902650406504067,17,106,7,536,,
interneuron,baseline_oof,42,rf,no_lab,798,261,666,24,0.036036036036036036,0.9699100600600601,1.0,0.1677497512051506,0.8474169262720664,paper/models/final_flag_multiseed_loso/interneuron_baseline_oof_testseed42_f060.joblib,fixed_reject_rate,0.1,,,,0.1,67,0.16417910447761194,0.4583333333333333,0.8963963963963963,1.0,0.875289552238806,11,56,13,586,0.9804936560934894,1.0
interneuron,baseline_oof,789,gb,full,794,267,675,31,0.045925925925925926,0.9644857777777777,0.99256,0.20993671984085577,0.8512322179923861,paper/models/final_flag_multiseed_loso/interneuron_baseline_oof_testseed789_f060.joblib,validation_recall,0.8,0.3103448275862069,0.8181818181818182,0.044620081548480954,0.1274074074074074,86,0.22093023255813954,0.6129032258064516,0.882962962962963,1.0,0.8446209302325584,19,67,12,577,,
interneuron,baseline_oof,789,gb,full,794,267,675,31,0.045925925925925926,0.9644857777777777,0.99256,0.20993671984085577,0.8512322179923861,paper/models/final_flag_multiseed_loso/interneuron_baseline_oof_testseed789_f060.joblib,fixed_reject_rate,0.1,,,,0.1,68,0.23529411764705882,0.5161290322580645,0.9007407407407407,1.0,0.8311264705882353,16,52,15,592,0.9794255354200988,1.0
interneuron,v12_oof,123,hgb,no_lab,816,266,657,34,0.0517503805175038,0.9588383561643835,0.9840000000000001,0.3764732658740214,0.8466150505145879,paper/models/final_flag_multiseed_loso/interneuron_v12_oof_testseed123_f060.joblib,validation_recall,0.8,0.2903225806451613,0.8181818181818182,0.021170197471123784,0.1232876712328767,81,0.19753086419753085,0.47058823529411764,0.8736681887366818,1.0,0.8504876543209876,16,65,18,558,,
interneuron,v12_oof,123,hgb,no_lab,816,266,657,34,0.0517503805175038,0.9588383561643835,0.9840000000000001,0.3764732658740214,0.8466150505145879,paper/models/final_flag_multiseed_loso/interneuron_v12_oof_testseed123_f060.joblib,fixed_reject_rate,0.1,,,,0.1,66,0.24242424242424243,0.47058823529411764,0.8964992389649924,1.0,0.8270363636363637,16,50,18,573,0.9735573604060913,1.0
interneuron,v12_oof,42,extra_trees,no_lab,798,261,666,24,0.036036036036036036,0.9699100600600601,1.0,0.1971070196497581,0.8052310488058151,paper/models/final_flag_multiseed_loso/interneuron_v12_oof_testseed42_f060.joblib,validation_recall,0.8,0.16923076923076924,0.8461538461538461,0.2574286910924811,0.1891891891891892,126,0.11904761904761904,0.625,0.8198198198198198,1.0,0.9122150793650793,15,111,9,531,,
interneuron,v12_oof,42,extra_trees,no_lab,798,261,666,24,0.036036036036036036,0.9699100600600601,1.0,0.1971070196497581,0.8052310488058151,paper/models/final_flag_multiseed_loso/interneuron_v12_oof_testseed42_f060.joblib,fixed_reject_rate,0.1,,,,0.1,67,0.16417910447761194,0.4583333333333333,0.8963963963963963,1.0,0.8833328358208956,11,56,13,586,0.9795939899833057,1.0
interneuron,v12_oof,789,rf,numeric_only,794,267,675,31,0.045925925925925926,0.9644857777777777,0.99256,0.36119358460837886,0.8736225205369665,paper/models/final_flag_multiseed_loso/interneuron_v12_oof_testseed789_f060.joblib,validation_recall,0.8,0.23684210526315788,0.8181818181818182,0.2387622655896251,0.15259259259259259,103,0.20388349514563106,0.6774193548387096,0.8637037037037038,1.0,0.8631796116504854,21,82,10,562,,
interneuron,v12_oof,789,rf,numeric_only,794,267,675,31,0.045925925925925926,0.9644857777777777,0.99256,0.36119358460837886,0.8736225205369665,paper/models/final_flag_multiseed_loso/interneuron_v12_oof_testseed789_f060.joblib,fixed_reject_rate,0.1,,,,0.1,68,0.27941176470588236,0.6129032258064516,0.9096296296296297,1.0,0.8179426470588236,19,49,12,595,0.9809024711696869,1.0
