scope,feature_mode,operating_point,target_value,n_folds,precision_lt_target_mean,precision_lt_target_sd,recall_lt_target_mean,recall_lt_target_sd,binary_accuracy_mean,binary_accuracy_sd,reject_rate_mean,reject_rate_sd,n_rejected_mean,n_rejected_sd,tp_mean,tp_sd,fp_mean,fp_sd,fn_mean,fn_sd,kept_f1_p10_mean,kept_f1_p10_sd,test_ap_mean,test_ap_sd,test_auc_mean,test_auc_sd
all,baseline_oof,fixed_reject_rate,0.05,3,0.5426536731634183,0.10350304375579142,0.3603755821218453,0.013738477273003693,0.929257425725195,0.0019048256820780886,0.05000000000000001,8.498374721940739e-18,117.0,2.6457513110645907,63.666666666666664,13.576941236277534,53.333333333333336,11.015141094572202,112.33333333333333,18.58314648635514,0.8736033333333335,0.06510773865934318,0.47940660303903865,0.05444307137296132,0.9010527502798894,0.010823648151375525
all,baseline_oof,fixed_reject_rate,0.1,3,0.4337713681220625,0.04446452942025858,0.581503184948318,0.03258119300259939,0.9117655251341038,0.0030741445188416793,0.10000000000000002,1.6996749443881478e-17,234.0,5.5677643628300215,101.66666666666667,12.897028081435403,132.33333333333334,7.371114795831994,74.33333333333333,19.2180470738661,0.95752,0.04447762583591891,0.47940660303903865,0.05444307137296132,0.9010527502798894,0.010823648151375525
all,baseline_oof,fixed_reject_rate,0.15,3,0.3536083161191444,0.040465795094578795,0.710509634680251,0.04035244175461935,0.8811036450459593,0.0027228447578798343,0.15,0.0,351.0,8.18535277187245,124.33333333333333,17.21433511156714,226.66666666666666,9.237604307034012,51.666666666666664,15.50268793897798,0.99179,0.01006251956519839,0.47940660303903865,0.05444307137296132,0.9010527502798894,0.010823648151375525
all,baseline_oof,validation_recall,0.5,3,0.4844336037069405,0.07357474599207105,0.4663631914816749,0.07823776221321482,0.9218432351749287,0.005564148955996084,0.07279050629428462,0.01624065566496773,170.33333333333334,37.421027956662726,81.66666666666667,17.559422921421234,88.66666666666667,28.290163190291665,94.33333333333333,23.072349974229617,0.9113899999999999,0.0610921508870002,0.47940660303903865,0.05444307137296132,0.9010527502798894,0.010823648151375525
all,baseline_oof,validation_recall,0.7,3,0.388748934296215,0.0635421966459499,0.6677709075631059,0.0835692208752278,0.8943933708333699,0.015361688764650121,0.12987583860400068,0.02449517571704538,303.6666666666667,54.012344268077584,116.33333333333333,15.275252316519467,187.33333333333334,50.76744363598913,59.666666666666664,22.18858565419016,0.9799033333333332,0.02007044178221626,0.47940660303903865,0.05444307137296132,0.9010527502798894,0.010823648151375525
all,baseline_oof,validation_recall,0.8,3,0.32278600171719996,0.04769896225698242,0.749547452609793,0.08901241293191894,0.8617513907955878,0.018761066945144983,0.17473852304600626,0.027810347111945497,408.6666666666667,61.17461347105786,130.66666666666666,17.47378989610821,278.0,57.29746940310715,45.333333333333336,20.5993527406405,0.9954366666666666,0.00442246914441846,0.47940660303903865,0.05444307137296132,0.9010527502798894,0.010823648151375525
all,baseline_oof,validation_recall,0.9,3,0.24233257240649983,0.04883341702812798,0.850935121441866,0.08259805080608364,0.7846504570292181,0.04280605712081461,0.2669193983833251,0.048269436523968125,623.6666666666666,102.27577099847908,148.33333333333334,17.09775813764288,475.3333333333333,107.2955420012096,27.666666666666668,17.8978583448784,1.0,0.0,0.47940660303903865,0.05444307137296132,0.9010527502798894,0.010823648151375525
all,branch3,fixed_reject_rate,0.05,3,0.5028985507246377,0.09568510632025541,0.3339983537759695,0.014263289658650573,0.9252837116861748,0.0027713686976993945,0.05000000000000001,8.498374721940739e-18,117.0,2.6457513110645907,59.0,12.529964086141668,58.0,10.0,117.0,19.697715603592208,0.8487300000000001,0.06821616304073395,0.4046606236479366,0.04516718530896342,0.8629525244997761,0.014251094176693848
all,branch3,fixed_reject_rate,0.1,3,0.3995872404537153,0.04406876218902868,0.5351805856727475,0.024787363104638676,0.904932734276184,0.0031406745766882622,0.10000000000000002,1.6996749443881478e-17,234.0,5.5677643628300215,93.66666666666667,12.583057392117917,140.33333333333334,7.023769168568492,82.33333333333333,19.55334583474995,0.9452933333333333,0.03585738603598057,0.4046606236479366,0.04516718530896342,0.8629525244997761,0.014251094176693848
all,branch3,fixed_reject_rate,0.15,3,0.3289993064964745,0.03520537026110224,0.6615872090717151,0.04209972522799099,0.8737245033900857,0.0030036664714177853,0.15,0.0,351.0,8.18535277187245,115.66666666666667,15.14375558880073,235.33333333333334,7.234178138070234,60.333333333333336,17.502380790433435,0.98294,0.014590257023095975,0.4046606236479366,0.04516718530896342,0.8629525244997761,0.014251094176693848
all,branch3,validation_recall,0.5,3,0.43305265595068815,0.047648746719393766,0.4712285970032963,0.02381479134198144,0.9142172649213073,0.005998510330250838,0.08150933849164012,0.008494198001307806,191.0,23.065125189341593,83.0,16.522711641858304,108.0,12.288205727444508,93.0,16.522711641858304,0.92042,0.04396294803581757,0.4046606236479366,0.04516718530896342,0.8629525244997761,0.014251094176693848
all,branch3,validation_recall,0.7,3,0.3285835886959482,0.04663428503146196,0.6525011438427406,0.056168915809824055,0.8734845135959274,0.005547782189999647,0.14852053285463548,0.00971357781762134,347.3333333333333,15.01110699893027,113.66666666666667,10.96965511460289,233.66666666666666,25.813433195399124,62.333333333333336,21.197484127446195,0.97885,0.023725203897964692,0.4046606236479366,0.04516718530896342,0.8629525244997761,0.014251094176693848
all,branch3,validation_recall,0.8,3,0.2725412472400424,0.06043362337244269,0.7411922214146056,0.08639882608320573,0.8276711733748,0.032075727456871775,0.2071844600325575,0.03950749040425957,483.6666666666667,81.68435182660957,128.66666666666666,8.962886439832502,355.0,88.72992730753249,47.333333333333336,23.58671942711265,0.9907,0.012264990827554676,0.4046606236479366,0.04516718530896342,0.8629525244997761,0.014251094176693848
all,branch3,validation_recall,0.9,3,0.1888921409661927,0.02522347478486374,0.8538825218555441,0.05137219998545302,0.7140523676883267,0.019181449508813255,0.3383194493869946,0.020934576450776652,791.6666666666666,43.55838993045236,149.33333333333334,19.857828011475306,642.3333333333334,45.72016331262754,26.666666666666668,13.051181300301261,0.9999333333333333,0.00011547005383791244,0.4046606236479366,0.04516718530896342,0.8629525244997761,0.014251094176693848
all,compact,fixed_reject_rate,0.05,3,0.4501457604531068,0.037715746465269887,0.30426242165214096,0.04642060794128703,0.9200146994845334,0.011857073332344452,0.05000000000000001,8.498374721940739e-18,117.0,2.6457513110645907,52.666666666666664,4.509249752822894,64.33333333333333,4.618802153517006,123.33333333333333,30.615900008546756,0.83458,0.08898981290012913,0.3854810318781083,0.038079100292158795,0.864627688527906,0.010815727387301029
all,compact,fixed_reject_rate,0.1,3,0.38018452228490274,0.020711816220932957,0.5134562897960637,0.06708901811889181,0.9010559057837003,0.010577143703239948,0.10000000000000002,1.6996749443881478e-17,234.0,5.5677643628300215,89.0,6.082762530298219,145.0,4.358898943540674,87.0,28.160255680657446,0.9242633333333333,0.06855599195791216,0.3854810318781083,0.038079100292158795,0.864627688527906,0.010815727387301029
all,compact,fixed_reject_rate,0.15,3,0.32070903948527724,0.01826985472598188,0.6480416730143307,0.0666919733164495,0.8712397784328463,0.006597206540398024,0.15,0.0,351.0,8.18535277187245,112.66666666666667,9.073771725877467,238.33333333333334,1.5275252316519468,63.333333333333336,23.180451534284945,0.9786199999999999,0.025663195436266287,0.3854810318781083,0.038079100292158795,0.864627688527906,0.010815727387301029
all,compact,validation_recall,0.5,3,0.3967051187465045,0.044593070291175346,0.45401815343485047,0.040133091091168104,0.9063822216397955,0.01654442924020548,0.08629129021983258,0.0159646420346348,202.33333333333334,40.525712002793156,79.33333333333333,11.015141094572204,123.0,31.096623610932426,96.66666666666667,22.501851775650227,0.9074233333333334,0.05988252193531372,0.3854810318781083,0.038079100292158795,0.864627688527906,0.010815727387301029
all,compact,validation_recall,0.7,3,0.31528772055792303,0.032154845961031714,0.6541709900258934,0.08923579689494678,0.8674008689776537,0.0064177631097650685,0.15438814694036368,0.014736924570829814,361.0,28.0,113.33333333333333,6.8068592855540455,247.66666666666666,29.83845393671283,62.666666666666664,26.539279065817393,0.9771000000000001,0.026336977806878267,0.3854810318781083,0.038079100292158795,0.864627688527906,0.010815727387301029
all,compact,validation_recall,0.8,3,0.2723749042699746,0.05745122255815204,0.6953166113756707,0.08672775866414771,0.8338586209573089,0.02957392525845721,0.19416851250827574,0.038021841115307035,453.3333333333333,79.28640068342952,120.66666666666667,9.073771725877467,332.6666666666667,83.9900787791828,55.333333333333336,24.5017006212494,0.9859066666666667,0.017744321157297956,0.3854810318781083,0.038079100292158795,0.864627688527906,0.010815727387301029
all,compact,validation_recall,0.9,3,0.21337228844676712,0.07859956030248155,0.8320454838865339,0.0851103749609054,0.7358898612152296,0.09247301043335365,0.312600676103635,0.09769784150250146,728.3333333333334,212.13753400408265,144.66666666666666,11.71893055416463,583.6666666666666,222.72030292124992,31.333333333333332,20.5993527406405,0.9971733333333334,0.0048959302827279874,0.3854810318781083,0.038079100292158795,0.864627688527906,0.010815727387301029
all,v12_oof,fixed_reject_rate,0.05,3,0.5232092287189739,0.07473466572150612,0.34931713030509964,0.015726613923975948,0.9273146003019367,0.005222054449450739,0.05000000000000001,8.498374721940739e-18,117.0,2.6457513110645907,61.333333333333336,10.016652800877813,55.666666666666664,7.637626158259733,114.66666666666667,22.501851775650227,0.8643366666666666,0.07772488490395672,0.47411649776168696,0.06199277628144489,0.901468305681191,0.010274706843379833
all,v12_oof,fixed_reject_rate,0.1,3,0.43086015997067967,0.04817000187440103,0.5769986804438135,0.0259147121840117,0.9111840452678442,0.002212385113615748,0.10000000000000002,1.6996749443881478e-17,234.0,5.5677643628300215,101.0,13.74772708486752,133.0,8.18535277187245,75.0,18.33030277982336,0.96111,0.0378993970928298,0.47411649776168696,0.06199277628144489,0.901468305681191,0.010274706843379833
all,v12_oof,fixed_reject_rate,0.15,3,0.3498740094128912,0.038786371767859505,0.7039650351717431,0.057463133083564905,0.8799845565618657,0.005168819529093028,0.15,0.0,351.0,8.18535277187245,123.0,16.46207763315433,228.0,9.16515138991168,53.0,17.69180601295413,0.99266,0.00818972527011742,0.47411649776168696,0.06199277628144489,0.901468305681191,0.010274706843379833
all,v12_oof,validation_recall,0.5,3,0.4812030317690695,0.06542989695896365,0.4814564838261521,0.09826242093475601,0.9208784592723025,0.007655123484719594,0.07577726828472664,0.019937845212240346,177.33333333333334,46.1121820491433,84.0,18.083141320025124,93.33333333333333,33.005050118630834,92.0,26.153393661244042,0.9167733333333334,0.059491654316663,0.47411649776168696,0.06199277628144489,0.901468305681191,0.010274706843379833
all,v12_oof,validation_recall,0.7,3,0.37646923202622756,0.05269354406126921,0.6824172106709474,0.08779722484657132,0.890280723202005,0.011130476395011137,0.1360061814070345,0.020185905214639432,318.0,43.139309220245984,118.66666666666667,13.203534880225574,199.33333333333334,41.645327869202006,57.333333333333336,23.35237318418266,0.985,0.016454786537661296,0.47411649776168696,0.06199277628144489,0.901468305681191,0.010274706843379833
all,v12_oof,validation_recall,0.8,3,0.3273990460306811,0.04710679757422329,0.7336462700115636,0.10972443431291905,0.865449743890601,0.018366782418189898,0.16850251086955592,0.03045168830815792,394.0,67.02238432046416,127.66666666666667,18.009256878986797,266.3333333333333,60.18582335843993,48.333333333333336,23.860706890897706,0.9939566666666666,0.00592854394715376,0.47411649776168696,0.06199277628144489,0.901468305681191,0.010274706843379833
all,v12_oof,validation_recall,0.9,3,0.2367931868128951,0.052389360463898145,0.8568522812051795,0.07881859928177437,0.7761349044366409,0.048649718781428306,0.27629405750511205,0.053048403863938255,645.3333333333334,111.79147254300452,149.33333333333334,16.165807537309522,496.0,119.61605243444544,26.666666666666668,17.616280348965084,1.0,0.0,0.47411649776168696,0.06199277628144489,0.901468305681191,0.010274706843379833
interneuron,baseline_oof,fixed_reject_rate,0.05,3,0.3101604278074866,0.10696672505295898,0.3420040059034366,0.0623605240737503,0.936469346058387,0.0037611040743505885,0.05000000000000001,8.498374721940739e-18,33.333333333333336,0.5773502691896258,10.333333333333334,3.511884584284246,23.0,3.605551275463989,19.333333333333332,2.081665999466133,1.0,0.0,0.2461780361676887,0.1015222792078911,0.8484213982596801,0.0024670390876382143
interneuron,baseline_oof,fixed_reject_rate,0.1,3,0.21396582151630442,0.04326369800366901,0.4816835336285052,0.030453488099006658,0.8978787920340432,0.002479053639658649,0.10000000000000002,1.6996749443881478e-17,67.0,1.0,14.333333333333334,2.8867513459481287,52.666666666666664,3.0550504633038935,15.333333333333334,2.516611478423583,1.0,0.0,0.2461780361676887,0.1015222792078911,0.8484213982596801,0.0024670390876382143
interneuron,baseline_oof,fixed_reject_rate,0.15,3,0.1732793279327933,0.02993757462975848,0.5859687961205987,0.05791974981126876,0.8573062560277173,0.005809659044797382,0.15,0.0,100.0,1.0,17.333333333333332,3.0550504633038935,82.66666666666667,2.8867513459481287,12.333333333333334,3.214550253664318,1.0,0.0,0.2461780361676887,0.1015222792078911,0.8484213982596801,0.0024670390876382143
interneuron,baseline_oof,validation_recall,0.5,3,0.27765419615773507,0.08726565785109391,0.4386727809403331,0.04508446527880083,0.9224675817369881,0.008588779191113647,0.07205991379507361,0.009212288239689923,48.0,6.244997998398398,13.0,2.6457513110645907,35.0,8.54400374531753,16.666666666666668,3.2145502536643185,1.0,0.0,0.2461780361676887,0.1015222792078911,0.8484213982596801,0.0024670390876382143
interneuron,baseline_oof,validation_recall,0.7,3,0.19821515632677142,0.04500597501939257,0.5972749314779676,0.11964056836262678,0.8713643323688985,0.0264456636659532,0.13608274941608275,0.03351617636538461,90.66666666666667,22.501851775650227,17.333333333333332,1.5275252316519465,73.33333333333333,22.50185177565023,12.333333333333334,5.507570547286102,1.0,0.0,0.2461780361676887,0.1015222792078911,0.8484213982596801,0.0024670390876382143
interneuron,baseline_oof,validation_recall,0.8,3,0.18808993993338863,0.043912742061320315,0.5972749314779676,0.11964056836262678,0.8638425640252123,0.029118588310868564,0.1436045177597689,0.03584057060607754,95.66666666666667,24.00694344004112,17.333333333333332,1.5275252316519465,78.33333333333333,24.090108620206205,12.333333333333334,5.507570547286102,1.0,0.0,0.2461780361676887,0.1015222792078911,0.8484213982596801,0.0024670390876382143
interneuron,baseline_oof,validation_recall,0.9,3,0.13111508731439883,0.03436504530373571,0.7995994096563356,0.05017843632743315,0.7469149514811616,0.055067691865003356,0.27966231071253905,0.0574775907601415,186.0,36.75595189897821,23.666666666666668,4.041451884327381,162.33333333333334,37.4477413649119,6.0,2.0,1.0,0.0,0.2461780361676887,0.1015222792078911,0.8484213982596801,0.0024670390876382143
interneuron,branch3,fixed_reject_rate,0.05,3,0.269162210338681,0.10489707650484491,0.2965159181952351,0.08940584838464824,0.9323837993244385,0.00597390985419808,0.05000000000000001,8.498374721940739e-18,33.333333333333336,0.5773502691896258,9.0,3.605551275463989,24.333333333333332,3.2145502536643185,20.666666666666668,2.886751345948129,1.0,0.0,0.236933791681483,0.09514504217091123,0.8335090422518299,0.017066692717388268
interneuron,branch3,fixed_reject_rate,0.1,3,0.1939145626590754,0.05288792592081953,0.43429791271347246,0.07321311353913972,0.8938473633450802,0.005969848800865187,0.10000000000000002,1.6996749443881478e-17,67.0,1.0,13.0,3.605551275463989,54.0,3.4641016151377544,16.666666666666668,2.886751345948129,1.0,0.0,0.236933791681483,0.09514504217091123,0.8335090422518299,0.017066692717388268
interneuron,branch3,fixed_reject_rate,0.15,3,0.16667933460012666,0.04047012393286253,0.5572422517394054,0.056468220519894884,0.855331313048208,0.005445802781491141,0.15,0.0,100.0,1.0,16.666666666666668,4.041451884327381,83.33333333333333,4.163331998932265,13.0,1.7320508075688772,1.0,0.0,0.236933791681483,0.09514504217091123,0.8335090422518299,0.017066692717388268
interneuron,branch3,validation_recall,0.5,3,0.27836134453781514,0.13283143464162675,0.3242936959730129,0.05440286574898156,0.9254110731736302,0.021286131073482997,0.059024138293544685,0.022045988915316932,39.333333333333336,14.742229591663987,9.666666666666666,2.5166114784235836,29.666666666666668,16.862186493255653,20.0,3.605551275463989,1.0,0.0,0.236933791681483,0.09514504217091123,0.8335090422518299,0.017066692717388268
interneuron,branch3,validation_recall,0.7,3,0.14982457814223565,0.06622355512686094,0.7171094244149273,0.15491816980802325,0.774898551519556,0.10310955359475724,0.244765496089697,0.11797662100654079,162.33333333333334,76.78758580222024,21.333333333333332,6.658328118479393,141.0,72.02083032012335,8.333333333333334,4.932882862316248,1.0,0.0,0.236933791681483,0.09514504217091123,0.8335090422518299,0.017066692717388268
interneuron,branch3,validation_recall,0.8,3,0.1380308476486459,0.04925898649728728,0.7726649799704828,0.1968264748285629,0.7484519222418765,0.10790227378398873,0.2752161293713805,0.12429981548952644,182.66666666666666,81.30395644329576,22.666666666666668,6.027713773341707,160.0,76.73982017179868,7.0,6.244997998398398,1.0,0.0,0.236933791681483,0.09514504217091123,0.8335090422518299,0.017066692717388268
interneuron,branch3,validation_recall,0.9,3,0.08923380338427506,0.03454658633207374,0.8833280624077587,0.06534506019031158,0.5651210114223812,0.1225177530270746,0.46843693008076565,0.12077775885665183,312.3333333333333,82.03251387915242,26.0,3.0,286.3333333333333,85.03136676152708,3.6666666666666665,2.3094010767585034,1.0,0.0,0.236933791681483,0.09514504217091123,0.8335090422518299,0.017066692717388268
interneuron,compact,fixed_reject_rate,0.05,3,0.2590612002376708,0.10140602563608016,0.2867119966266076,0.09139088437100906,0.9313690859809581,0.007121297326158497,0.05000000000000001,8.498374721940739e-18,33.333333333333336,0.5773502691896258,8.666666666666666,3.511884584284246,24.666666666666668,3.0550504633038935,21.0,3.4641016151377544,1.0,0.0,0.23631706527152133,0.09171941444454176,0.8345644338065402,0.01539320098554713
interneuron,compact,fixed_reject_rate,0.1,3,0.19888968703718488,0.04452012983878923,0.44818680160236135,0.058890723673065117,0.8948483643460813,0.005316371276817736,0.10000000000000002,1.6996749443881478e-17,67.0,1.0,13.333333333333334,3.055050463303893,53.666666666666664,2.8867513459481287,16.333333333333332,3.2145502536643185,1.0,0.0,0.23631706527152133,0.09171941444454176,0.8345644338065402,0.01539320098554713
interneuron,compact,fixed_reject_rate,0.15,3,0.16667933460012666,0.04047012393286253,0.5572422517394054,0.056468220519894884,0.855331313048208,0.005445802781491141,0.15,0.0,100.0,1.0,16.666666666666668,4.041451884327381,83.33333333333333,4.163331998932265,13.0,1.7320508075688772,1.0,0.0,0.23631706527152133,0.09171941444454176,0.8345644338065402,0.01539320098554713
interneuron,compact,validation_recall,0.5,3,0.2340478597910347,0.08186103045694285,0.29174573055028463,0.11269274625914677,0.9244562370589767,0.007044723351484745,0.05692148769774341,0.016439609412664383,38.0,11.357816691600547,8.666666666666666,3.7859388972001824,29.333333333333332,10.016652800877813,21.0,5.196152422706632,0.9999366666666667,0.00010969655114604246,0.23631706527152133,0.09171941444454176,0.8345644338065402,0.01539320098554713
interneuron,compact,validation_recall,0.7,3,0.15799625063090347,0.06807360141005901,0.7063567362428843,0.17259535328562398,0.7905315361023124,0.09432581069102969,0.2281448571859531,0.11005593297710134,151.33333333333334,71.80761333823408,21.0,7.0,130.33333333333334,67.03978918025723,8.666666666666666,5.507570547286102,1.0,0.0,0.23631706527152133,0.09171941444454176,0.8345644338065402,0.01539320098554713
interneuron,compact,validation_recall,0.8,3,0.13724408839351368,0.05450664412027106,0.7726649799704828,0.1968264748285629,0.7399915897632793,0.12122489174002682,0.2836764618499778,0.13646703765525003,188.33333333333334,89.75707957221722,22.666666666666668,6.027713773341707,165.66666666666666,86.00775158864073,7.0,6.244997998398398,1.0,0.0,0.23631706527152133,0.09171941444454176,0.8345644338065402,0.01539320098554713
interneuron,compact,validation_recall,0.9,3,0.08617735505562824,0.03571182849059892,0.8931319839763864,0.060535903283244166,0.5360030349984688,0.1509108037310903,0.4985696198481586,0.14824543240177146,332.3333333333333,99.7714053891862,26.333333333333332,3.5118845842842465,306.0,103.18430113151904,3.3333333333333335,2.081665999466133,1.0,0.0,0.23631706527152133,0.09171941444454176,0.8345644338065402,0.01539320098554713
interneuron,v12_oof,fixed_reject_rate,0.05,3,0.3496732026143791,0.09521258737311124,0.3881509593084546,0.04762490543030319,0.9404333100223511,0.0019002813953497232,0.05000000000000001,8.498374721940739e-18,33.333333333333336,0.5773502691896258,11.666666666666666,3.214550253664318,21.666666666666668,3.0550504633038935,18.0,2.0,1.0,0.0,0.3115912900440528,0.09944019957079929,0.8418228732857899,0.03444665547382474
interneuron,v12_oof,fixed_reject_rate,0.1,3,0.2286717038692456,0.05883443492845843,0.5139415981446342,0.0859220487862356,0.9008417549970061,0.007610696391757463,0.10000000000000002,1.6996749443881478e-17,67.0,1.0,15.333333333333334,4.041451884327381,51.666666666666664,3.785938897200183,14.333333333333334,3.214550253664318,1.0,0.0,0.3115912900440528,0.09944019957079929,0.8418228732857899,0.03444665547382474
interneuron,v12_oof,fixed_reject_rate,0.15,3,0.17994666133279993,0.03550795144257573,0.6065254058612691,0.06260708125508149,0.8593086236921854,0.0063762675622409766,0.15,0.0,100.0,1.0,18.0,3.605551275463989,82.0,3.4641016151377544,11.666666666666666,2.8867513459481287,1.0,0.0,0.3115912900440528,0.09944019957079929,0.8418228732857899,0.03444665547382474
interneuron,v12_oof,validation_recall,0.5,3,0.2535725427752995,0.07652916075169568,0.47227493147796756,0.1397925781376472,0.9145051901216285,0.01077676264840566,0.08393288265434384,0.02115137926981086,56.0,14.798648586948742,14.333333333333334,5.686240703077327,41.666666666666664,10.96965511460289,15.333333333333334,3.055050463303893,1.0,0.0,0.3115912900440528,0.09944019957079929,0.8418228732857899,0.03444665547382474
interneuron,v12_oof,validation_recall,0.7,3,0.18736167075720842,0.0552609404314455,0.5802498418722327,0.09550324798056777,0.8634300967634302,0.032131404501151394,0.1430026373405369,0.036949845247473356,95.33333333333333,25.02665245959462,17.0,2.6457513110645907,78.33333333333333,25.77466456296441,12.666666666666666,4.725815626252608,1.0,0.0,0.3115912900440528,0.09944019957079929,0.8418228732857899,0.03444665547382474
interneuron,v12_oof,validation_recall,0.8,3,0.17348732613026033,0.0472530449857311,0.5910025300442757,0.10752510858194986,0.8523972374200685,0.028649412622580164,0.15502315100488617,0.03301792282811296,103.33333333333333,22.501851775650227,17.333333333333332,3.2145502536643185,86.0,23.259406699226016,12.333333333333334,4.932882862316248,1.0,0.0,0.3115912900440528,0.09944019957079929,0.8418228732857899,0.03444665547382474
interneuron,v12_oof,validation_recall,0.9,3,0.12767249080782453,0.050670097127763374,0.7727703984819735,0.02209322774610058,0.7319077067935514,0.08883781181822342,0.2926404943756542,0.08486394183292614,194.66666666666666,55.71654452075553,23.0,4.58257569495584,171.66666666666666,59.095967149487734,6.666666666666667,0.5773502691896258,1.0,0.0,0.3115912900440528,0.09944019957079929,0.8418228732857899,0.03444665547382474
pyramidal,baseline_oof,fixed_reject_rate,0.05,3,0.7025513719415765,0.1488402196398834,0.402291524091641,0.046547561365170985,0.9332215236007021,0.008077307675113127,0.05000000000000001,8.498374721940739e-18,83.66666666666667,3.055050463303893,59.0,13.892443989449804,24.666666666666668,11.590225767142472,87.33333333333333,18.929694486000912,0.7669633333333334,0.09138859575096518,0.611822736529761,0.10691209078207745,0.9187982927207828,0.008917056985416979
pyramidal,baseline_oof,fixed_reject_rate,0.1,3,0.5566993388624741,0.06564241588973059,0.6441976751737126,0.0599384997545044,0.9243175104025729,0.008731729166859022,0.10000000000000002,1.6996749443881478e-17,167.33333333333334,6.110100926607786,93.33333333333333,13.316656236958787,74.0,9.16515138991168,53.0,19.28730152198591,0.8965166666666665,0.08144498654511112,0.611822736529761,0.10691209078207745,0.9187982927207828,0.008917056985416979
pyramidal,baseline_oof,fixed_reject_rate,0.15,3,0.4403876934559461,0.04899229247623622,0.7647179886805837,0.04897866585216434,0.8951144335821494,0.001918397149735631,0.15,0.0,251.33333333333334,9.71253485622231,111.0,16.703293088490067,140.33333333333334,7.023769168568492,35.333333333333336,13.576941236277534,0.9641000000000001,0.025978691268037275,0.611822736529761,0.10691209078207745,0.9187982927207828,0.008917056985416979
pyramidal,baseline_oof,validation_recall,0.5,3,0.6984077218498035,0.16249898673944135,0.3691262003360191,0.0863867502700302,0.9295280459389591,0.011217308231779325,0.04645014470039275,0.010991734825229051,77.33333333333333,15.56705923844749,52.666666666666664,8.962886439832502,24.666666666666668,17.672954855748753,93.66666666666667,31.182259913824932,0.7636733333333333,0.10505780567541534,0.611822736529761,0.10691209078207745,0.9187982927207828,0.008917056985416979
pyramidal,baseline_oof,validation_recall,0.7,3,0.5963478092546369,0.13721853220079175,0.6073764363653318,0.13566740748484724,0.9250831361853588,0.013543197724402859,0.09108438760160058,0.029913730276409364,151.66666666666666,45.17004907384243,86.33333333333333,4.618802153517006,65.33333333333333,42.335957923889396,60.0,30.199337741083,0.8601833333333334,0.11727795373953853,0.611822736529761,0.10691209078207745,0.9187982927207828,0.008917056985416979
pyramidal,baseline_oof,validation_recall,0.8,3,0.5287315039555419,0.14284794032628462,0.7005293384019277,0.1473034401147704,0.9120165255558259,0.02740382984970505,0.12007879233145678,0.041817785106226565,200.0,63.92964883369844,99.66666666666667,3.214550253664318,100.33333333333333,62.051054248363364,46.666666666666664,29.569128044860122,0.9007866666666667,0.09420666713844258,0.611822736529761,0.10691209078207745,0.9187982927207828,0.008917056985416979
pyramidal,baseline_oof,validation_recall,0.9,3,0.32622698293433355,0.1899078602194212,0.8318229122437187,0.12026253588443293,0.7474842582134905,0.22785675268179575,0.30792033483880993,0.23763243930139824,507.3333333333333,376.1506790281434,119.33333333333333,7.505553499465135,388.0,382.84330998464634,27.0,22.516660498395403,0.9698533333333333,0.042124712857577275,0.611822736529761,0.10691209078207745,0.9187982927207828,0.008917056985416979
pyramidal,branch3,fixed_reject_rate,0.05,3,0.5886705613428598,0.05015865508552785,0.34144341707170467,0.03246309982424588,0.9218560613378849,0.010288611552009122,0.05000000000000001,8.498374721940739e-18,83.66666666666667,3.055050463303893,49.333333333333336,5.686240703077327,34.333333333333336,3.214550253664318,97.0,24.63736998950984,0.7454833333333334,0.08904255293584823,0.4819710085853511,0.06410564593345146,0.8967112969505121,0.01222907048100658
pyramidal,branch3,fixed_reject_rate,0.1,3,0.5133398643531127,0.05239600466980751,0.5959940788695902,0.07104084598967715,0.9156590398458372,0.011207050822485359,0.10000000000000002,1.6996749443881478e-17,167.33333333333334,6.110100926607786,86.0,10.44030650891055,81.33333333333333,7.637626158259734,60.333333333333336,22.6789182575654,0.8741500000000001,0.07398464367691447,0.4819710085853511,0.06410564593345146,0.8967112969505121,0.01222907048100658
pyramidal,branch3,fixed_reject_rate,0.15,3,0.4245570224226154,0.051883684349577394,0.7361899956873655,0.04065086348811724,0.8903581531257333,0.00430150552952518,0.15,0.0,251.33333333333334,9.71253485622231,107.0,16.703293088490067,144.33333333333334,8.386497083606082,39.333333333333336,14.0118997046558,0.9566133333333333,0.030674291081186175,0.4819710085853511,0.06410564593345146,0.8967112969505121,0.01222907048100658
pyramidal,branch3,validation_recall,0.5,3,0.5462632605489749,0.062105596060440416,0.4408911001546887,0.1289105580343703,0.9180085612594159,0.007942826378607253,0.06923935689802276,0.016944065172389618,115.33333333333333,24.214320831552,62.0,5.291502622129181,53.333333333333336,18.929694486000912,84.33333333333333,35.00476158086687,0.7831133333333332,0.12269000339609305,0.4819710085853511,0.06410564593345146,0.8967112969505121,0.01222907048100658
pyramidal,branch3,validation_recall,0.7,3,0.4628934941490858,0.15380139995190825,0.61862591809991,0.16745147616226674,0.8899166223019703,0.0432198198838162,0.1278636054523987,0.06633288461677785,212.33333333333334,103.62110467145838,87.66666666666667,10.214368964029708,124.66666666666667,95.86622623913667,58.666666666666664,32.74650108535771,0.8780866666666668,0.0987928668140232,0.4819710085853511,0.06410564593345146,0.8967112969505121,0.01222907048100658
pyramidal,branch3,validation_recall,0.8,3,0.4140261263793335,0.19562017894715386,0.7127945371078042,0.14067269523150727,0.8488934151399453,0.10781320776228381,0.18552415373698014,0.12406243684311767,307.0,195.46866756592985,101.66666666666667,5.507570547286102,205.33333333333334,194.58245895592268,44.666666666666664,27.75487945088815,0.9193333333333333,0.0713280683415255,0.4819710085853511,0.06410564593345146,0.8967112969505121,0.01222907048100658
pyramidal,branch3,validation_recall,0.9,3,0.29594367644000896,0.1577904519777901,0.8582625245395555,0.10880633086466018,0.7442564549707912,0.17879095052545024,0.31676705897817564,0.18905480382199782,526.6666666666666,300.3353681026152,124.33333333333333,21.45538005567213,402.3333333333333,301.1217915284999,22.0,16.822603841260722,0.9858933333333333,0.015574470563500153,0.4819710085853511,0.06410564593345146,0.8967112969505121,0.01222907048100658
pyramidal,compact,fixed_reject_rate,0.05,3,0.5771626309409627,0.0722459480548704,0.3351090064123378,0.04688012723289712,0.9207071924033313,0.012724456087838478,0.05000000000000001,8.498374721940739e-18,83.66666666666667,3.055050463303893,48.333333333333336,6.658328118479393,35.333333333333336,5.686240703077327,98.0,26.210684844162312,0.7466166666666667,0.08776605285264534,0.4852363746110409,0.08002970560964368,0.8982883353378167,0.011939174445374054
pyramidal,compact,fixed_reject_rate,0.1,3,0.4998375793510355,0.04969205598908998,0.582395793266629,0.08848732030183258,0.9129656530907165,0.014632419445659135,0.10000000000000002,1.6996749443881478e-17,167.33333333333334,6.110100926607786,83.66666666666667,9.073771725877467,83.66666666666667,8.386497083606084,62.666666666666664,25.890796305508513,0.8684333333333333,0.0905067032508274,0.4852363746110409,0.08002970560964368,0.8982883353378167,0.011939174445374054
pyramidal,compact,fixed_reject_rate,0.15,3,0.4169895426899695,0.03708434028779545,0.7259908652076974,0.06334194498936177,0.888087705854567,0.005992690999339399,0.15,0.0,251.33333333333334,9.71253485622231,105.0,12.767145334803704,146.33333333333334,5.507570547286102,41.333333333333336,17.897858344878397,0.9543733333333333,0.04011659174622555,0.4852363746110409,0.08002970560964368,0.8982883353378167,0.011939174445374054
pyramidal,compact,validation_recall,0.5,3,0.5384944850456894,0.06514843089723664,0.468918894167287,0.10135396839012925,0.9176537675742947,0.010699139564834625,0.07501908251289102,0.013075761738280659,125.33333333333333,19.03505538035898,66.66666666666667,2.3094010767585034,58.666666666666664,17.15614564327703,79.66666666666667,30.02221399786054,0.8078333333333333,0.10518778889839507,0.4852363746110409,0.08002970560964368,0.8982883353378167,0.011939174445374054
pyramidal,compact,validation_recall,0.7,3,0.4386649581346851,0.15111079135979832,0.6400002664175664,0.16495305728396725,0.8812446959682521,0.0509457967063389,0.14014837721876208,0.07257400323698836,232.66666666666666,113.20041224895488,90.66666666666667,7.76745346515403,142.0,106.85972113008718,55.666666666666664,32.624121954978854,0.8854333333333333,0.09803377445214143,0.4852363746110409,0.08002970560964368,0.8982883353378167,0.011939174445374054
pyramidal,compact,validation_recall,0.8,3,0.39637835186396336,0.19061815024717385,0.730159301053515,0.12303697647626609,0.8397029435775156,0.11382221024973364,0.19817209992463547,0.12748093701034746,328.3333333333333,200.88885816125625,104.66666666666667,9.29157324317757,223.66666666666666,201.64407586967025,41.666666666666664,24.131583730317686,0.9336166666666667,0.05779931516318628,0.4852363746110409,0.08002970560964368,0.8982883353378167,0.011939174445374054
pyramidal,compact,validation_recall,0.9,3,0.29899643303563295,0.16418289480422935,0.8426464588942673,0.1077914612358887,0.7227516017438712,0.24482046493028725,0.33520465255510096,0.2536537084713837,554.0,401.78725713989485,121.66666666666667,16.77299416721217,432.3333333333333,407.34056185621057,24.666666666666668,17.925772879665004,0.98866,0.01031049465350718,0.4852363746110409,0.08002970560964368,0.8982883353378167,0.011939174445374054
pyramidal,v12_oof,fixed_reject_rate,0.05,3,0.6831241526343774,0.12131555454902442,0.3925942577023816,0.03654458735520711,0.9312840536755081,0.007735427621917219,0.05000000000000001,8.498374721940739e-18,83.66666666666667,3.055050463303893,57.333333333333336,11.590225767142472,26.333333333333332,9.291573243177568,89.0,20.42057785666214,0.7655333333333334,0.09255119520207894,0.6066731537522035,0.09430264869517897,0.9202551366150931,0.005436944747652185
pyramidal,v12_oof,fixed_reject_rate,0.1,3,0.5503982725281714,0.06251232636137648,0.636054289239561,0.03821800484549914,0.9230569033388977,0.0034903638394381386,0.10000000000000002,1.6996749443881478e-17,167.33333333333334,6.110100926607786,92.33333333333333,13.576941236277534,75.0,7.937253933193772,54.0,16.703293088490067,0.8973333333333334,0.07902107841160694,0.6066731537522035,0.09430264869517897,0.9202551366150931,0.005436944747652185
pyramidal,v12_oof,fixed_reject_rate,0.15,3,0.4472467194193795,0.040590900001201004,0.7782783097803554,0.06248014838575117,0.897171853024653,0.0024419013782361844,0.15,0.0,251.33333333333334,9.71253485622231,112.66666666666667,14.571661996262929,138.66666666666666,5.033222956847167,33.666666666666664,15.50268793897798,0.9699800000000001,0.02690892045400553,0.6066731537522035,0.09430264869517897,0.9202551366150931,0.005436944747652185
pyramidal,v12_oof,validation_recall,0.5,3,0.6949203278990512,0.13363076975019927,0.40982281566735107,0.03288347205159058,0.9320822144450297,0.008038804546196505,0.05161864599317636,0.0059727529563437754,86.33333333333333,8.621678104251709,59.333333333333336,7.637626158259733,27.0,14.177446878757825,87.0,22.64950330581225,0.77201,0.1005744982587534,0.6066731537522035,0.09430264869517897,0.9202551366150931,0.005436944747652185
pyramidal,v12_oof,validation_recall,0.7,3,0.5980324452435436,0.15077419513699253,0.6232236192493351,0.16370745510296006,0.923964464326125,0.015728511549016434,0.09461800971785499,0.038115287046097505,157.33333333333334,58.432297005451815,88.33333333333333,9.073771725877467,69.0,52.0,58.0,32.449961479175904,0.8620233333333333,0.11768839379196797,0.6066731537522035,0.09430264869517897,0.9202551366150931,0.005436944747652185
pyramidal,v12_oof,validation_recall,0.8,3,0.5288044497991872,0.1316325662107453,0.6836061615722633,0.15569835611960112,0.9123099960915991,0.02291730922666772,0.11693930136253965,0.04267866515482967,194.66666666666666,65.2559065015063,97.33333333333333,9.073771725877467,97.33333333333333,60.68223243531284,49.0,29.546573405388315,0.8964233333333335,0.09455308156444893,0.6066731537522035,0.09430264869517897,0.9202551366150931,0.005436944747652185
pyramidal,v12_oof,validation_recall,0.9,3,0.34871398406061055,0.18878125702516407,0.794929074648537,0.16669303486558482,0.7777359643116629,0.19671563506232576,0.27034438530520216,0.21402237499237614,445.3333333333333,339.10814400915433,113.0,1.0,332.3333333333333,339.04178700174015,33.333333333333336,30.566866593312003,0.9494900000000001,0.07062289359690649,0.6066731537522035,0.09430264869517897,0.9202551366150931,0.005436944747652185
