family,scope,experiment,target,target_recall_setting,model,feature_set,precision,recall,flagged_total,actually_bad_flagged_tp,false_flags_fp,missed_bad_fn,bad_total_in_test,accuracy,kept_f1_p10,saved_bundle,source
1 confidence/geometry only,pyramidal,single_cell_f060,cell_f060,0.5,gb,no_lab,0.46875,0.42857142857142855,32,15,17,20,35,0.8939828080229226,0.6619400000000001,,paper/results/flag_high_recall_validation_selected_seed123_branch3_pyramidal.json
1 confidence/geometry only,pyramidal,single_cell_f060,cell_f060,0.7,rf,numeric_only,0.45454545454545453,0.7142857142857143,55,25,30,10,35,0.8853868194842407,0.88421,,paper/results/flag_high_recall_validation_selected_seed123_branch3_pyramidal.json
1 confidence/geometry only,pyramidal,single_cell_f060,cell_f060,0.8,rf,full,0.3880597014925373,0.7428571428571429,67,26,41,9,35,0.8567335243553008,0.95139,,paper/results/flag_high_recall_validation_selected_seed123_branch3_pyramidal.json
1 confidence/geometry only,pyramidal,single_cell_f060,cell_f060,0.9,hgb,no_lab,0.2564102564102564,0.8571428571428571,117,30,87,5,35,0.7363896848137536,0.9948100000000001,,paper/results/flag_high_recall_validation_selected_seed123_branch3_pyramidal.json
1 confidence/geometry only,pyramidal,single_cell_f060,cell_f060,0.95,rf,numeric_only,0.1349206349206349,0.9714285714285714,252,34,218,1,35,0.37249283667621774,1.0,,paper/results/flag_high_recall_validation_selected_seed123_branch3_pyramidal.json
1 confidence/geometry only,pyramidal,single_cell_f060,cell_f060,1.0,hgb,full,0.12544802867383512,1.0,279,35,244,0,35,0.3008595988538682,1.0,,paper/results/flag_high_recall_validation_selected_seed123_branch3_pyramidal.json
2 + morphology baselines disagreement,pyramidal,single_cell_f060,cell_f060,0.5,hgb,full,0.5,0.5142857143,36,18,18,17,35,0.899713467,0.7448,,paper/results/flag_xmodel_high_recall_selected_seed123_branch3_pyramidal.json
2 + morphology baselines disagreement,pyramidal,single_cell_f060,cell_f060,0.7,gb,full,0.4782608696,0.6285714286,46,22,24,13,35,0.893982808,0.83526,,paper/results/flag_xmodel_high_recall_selected_seed123_branch3_pyramidal.json
2 + morphology baselines disagreement,pyramidal,single_cell_f060,cell_f060,0.8,rf,full,0.5283018868,0.8,53,28,25,7,35,0.9083094556,0.9793,,paper/results/flag_xmodel_high_recall_selected_seed123_branch3_pyramidal.json
2 + morphology baselines disagreement,pyramidal,single_cell_f060,cell_f060,0.9,gb,full,0.3783783784,0.8,74,28,46,7,35,0.8481375358,0.9898,,paper/results/flag_xmodel_high_recall_selected_seed123_branch3_pyramidal.json
2 + morphology baselines disagreement,pyramidal,single_cell_f060,cell_f060,0.95,hgb,no_lab,0.237037037,0.9142857143,135,32,103,3,35,0.6962750716,1.0,,paper/results/flag_xmodel_high_recall_selected_seed123_branch3_pyramidal.json
2 + morphology baselines disagreement,pyramidal,single_cell_f060,cell_f060,1.0,hgb,no_lab,0.231884058,0.9142857143,138,32,106,3,35,0.6876790831,1.0,,paper/results/flag_xmodel_high_recall_selected_seed123_branch3_pyramidal.json
3 + sanity/failure-head sweep,all,single_cell_f060,cell_f060,0.5,extra_trees,full,0.4509803921568627,0.5476190476190477,51,23,28,19,42,0.9022869022869024,0.9389300000000002,,paper/results/flag_improvement_sweep_seed123_branch3.csv
3 + sanity/failure-head sweep,all,single_cell_f060,cell_f060,0.5,extra_trees,no_lab,0.4716981132075472,0.5952380952380952,53,25,28,17,42,0.9064449064449064,0.95287,,paper/results/flag_improvement_sweep_seed123_branch3.csv
3 + sanity/failure-head sweep,all,single_failure_head_ranked_against_cell_f060,apical_f050,0.5,rf,no_lab,0.42,0.5,50,21,29,21,42,0.896049896049896,0.8994,,paper/results/flag_improvement_sweep_seed123_branch3.csv
3 + sanity/failure-head sweep,all,single_failure_head_ranked_against_cell_f060,apical_f050,0.5,hgb,no_lab,0.3582089552238806,0.5714285714285714,67,24,43,18,42,0.8731808731808732,0.92708,,paper/results/flag_improvement_sweep_seed123_branch3.csv
3 + sanity/failure-head sweep,all,single_failure_head_ranked_against_cell_f060,axon_f050,0.5,gb,full,0.2325581395348837,0.4761904761904761,86,20,66,22,42,0.817047817047817,0.97776,,paper/results/flag_improvement_sweep_seed123_branch3.csv
3 + sanity/failure-head sweep,all,single_failure_head_ranked_against_cell_f060,axon_f050,0.5,gb,no_lab,0.24,0.4285714285714285,75,18,57,24,42,0.8316008316008316,0.9243,,paper/results/flag_improvement_sweep_seed123_branch3.csv
3 + sanity/failure-head sweep,all,single_failure_head_ranked_against_cell_f060,basal_f060,0.5,rf,numeric_only,0.4857142857142857,0.4047619047619047,35,17,18,25,42,0.9106029106029108,0.7596499999999999,,paper/results/flag_improvement_sweep_seed123_branch3.csv
3 + sanity/failure-head sweep,all,single_failure_head_ranked_against_cell_f060,basal_f060,0.5,extra_trees,full,0.4583333333333333,0.5238095238095238,48,22,26,20,42,0.9043659043659044,0.90604,,paper/results/flag_improvement_sweep_seed123_branch3.csv
3 + sanity/failure-head sweep,all,two_stage_max_failure_heads,cell_f060+axon_f050+basal_f060+apical_f050,0.5,two_stage,max_validation_percentile,0.4545454545454545,0.4761904761904761,44,20,24,22,42,0.9043659043659044,0.91172,,paper/results/flag_improvement_sweep_seed123_branch3.csv
3 + sanity/failure-head sweep,all,two_stage_max_failure_heads,cell_f060+axon_f050+basal_f060+apical_f050,0.5,two_stage,max_validation_percentile,0.4423076923076923,0.5476190476190477,52,23,29,19,42,0.9002079002079002,0.92738,,paper/results/flag_improvement_sweep_seed123_branch3.csv
3 + sanity/failure-head sweep,all,single_cell_f060,cell_f060,0.7,hgb,no_lab,0.4347826086956521,0.7142857142857143,69,30,39,12,42,0.893970893970894,0.97632,,paper/results/flag_improvement_sweep_seed123_branch3.csv
3 + sanity/failure-head sweep,all,single_cell_f060,cell_f060,0.7,rf,numeric_only,0.4264705882352941,0.6904761904761905,68,29,39,13,42,0.8918918918918919,0.9867,,paper/results/flag_improvement_sweep_seed123_branch3.csv
3 + sanity/failure-head sweep,all,single_failure_head_ranked_against_cell_f060,apical_f050,0.7,gb,full,0.2478632478632478,0.6904761904761905,117,29,88,13,42,0.7900207900207901,0.97656,,paper/results/flag_improvement_sweep_seed123_branch3.csv
3 + sanity/failure-head sweep,all,single_failure_head_ranked_against_cell_f060,apical_f050,0.7,rf,numeric_only,0.2545454545454545,0.6666666666666666,110,28,82,14,42,0.8004158004158004,0.9583,,paper/results/flag_improvement_sweep_seed123_branch3.csv
3 + sanity/failure-head sweep,all,single_failure_head_ranked_against_cell_f060,axon_f050,0.7,gb,no_lab,0.2018348623853211,0.5238095238095238,109,22,87,20,42,0.7775467775467776,0.98569,,paper/results/flag_improvement_sweep_seed123_branch3.csv
3 + sanity/failure-head sweep,all,single_failure_head_ranked_against_cell_f060,axon_f050,0.7,gb,full,0.1949152542372881,0.5476190476190477,118,23,95,19,42,0.762993762993763,0.99832,,paper/results/flag_improvement_sweep_seed123_branch3.csv
3 + sanity/failure-head sweep,all,single_failure_head_ranked_against_cell_f060,basal_f060,0.7,extra_trees,no_lab,0.3529411764705882,0.7142857142857143,85,30,55,12,42,0.8607068607068608,0.95395,,paper/results/flag_improvement_sweep_seed123_branch3.csv
3 + sanity/failure-head sweep,all,single_failure_head_ranked_against_cell_f060,basal_f060,0.7,extra_trees,full,0.3563218390804598,0.7380952380952381,87,31,56,11,42,0.8607068607068608,0.97767,,paper/results/flag_improvement_sweep_seed123_branch3.csv
3 + sanity/failure-head sweep,all,two_stage_max_failure_heads,cell_f060+axon_f050+basal_f060+apical_f050,0.7,two_stage,max_validation_percentile,0.4307692307692308,0.6666666666666666,65,28,37,14,42,0.893970893970894,0.9768,,paper/results/flag_improvement_sweep_seed123_branch3.csv
3 + sanity/failure-head sweep,all,two_stage_max_failure_heads,cell_f060+axon_f050+basal_f060+apical_f050,0.7,two_stage,max_validation_percentile,0.4305555555555556,0.7380952380952381,72,31,41,11,42,0.8918918918918919,0.9879,,paper/results/flag_improvement_sweep_seed123_branch3.csv
3 + sanity/failure-head sweep,all,single_cell_f060,cell_f060,0.8,rf,no_lab,0.4,0.8095238095238095,85,34,51,8,42,0.8773388773388774,0.9915,paper/models/flag_improvement_sweep_seed123_branch3/all_xmodel_cell_f060_r080.joblib,paper/results/flag_improvement_sweep_seed123_branch3.csv
3 + sanity/failure-head sweep,all,single_cell_f060,cell_f060,0.8,rf,numeric_only,0.3777777777777777,0.8095238095238095,90,34,56,8,42,0.8669438669438669,0.9915,paper/models/flag_improvement_sweep_seed123_branch3/all_xmodel_sanity_cell_f060_r080.joblib,paper/results/flag_improvement_sweep_seed123_branch3.csv
3 + sanity/failure-head sweep,all,single_failure_head_ranked_against_cell_f060,apical_f050,0.8,rf,full,0.1942857142857142,0.8095238095238095,175,34,141,8,42,0.6902286902286903,0.9915,,paper/results/flag_improvement_sweep_seed123_branch3.csv
3 + sanity/failure-head sweep,all,single_failure_head_ranked_against_cell_f060,apical_f050,0.8,rf,no_lab,0.1885714285714285,0.7857142857142857,175,33,142,9,42,0.6860706860706861,0.9915,,paper/results/flag_improvement_sweep_seed123_branch3.csv
3 + sanity/failure-head sweep,all,single_failure_head_ranked_against_cell_f060,axon_f050,0.8,gb,numeric_only,0.1629629629629629,0.5238095238095238,135,22,113,20,42,0.7234927234927235,1.0,,paper/results/flag_improvement_sweep_seed123_branch3.csv
3 + sanity/failure-head sweep,all,single_failure_head_ranked_against_cell_f060,axon_f050,0.8,gb,no_lab,0.1751824817518248,0.5714285714285714,137,24,113,18,42,0.7276507276507277,1.0,,paper/results/flag_improvement_sweep_seed123_branch3.csv
3 + sanity/failure-head sweep,all,single_failure_head_ranked_against_cell_f060,basal_f060,0.8,extra_trees,numeric_only,0.2892561983471074,0.8333333333333334,121,35,86,7,42,0.8066528066528067,0.99145,,paper/results/flag_improvement_sweep_seed123_branch3.csv
3 + sanity/failure-head sweep,all,single_failure_head_ranked_against_cell_f060,basal_f060,0.8,rf,full,0.2982456140350877,0.8095238095238095,114,34,80,8,42,0.817047817047817,0.99662,,paper/results/flag_improvement_sweep_seed123_branch3.csv
3 + sanity/failure-head sweep,all,two_stage_max_failure_heads,cell_f060+axon_f050+basal_f060+apical_f050,0.8,two_stage,max_validation_percentile,0.3666666666666666,0.7857142857142857,90,33,57,9,42,0.8627858627858628,0.9915,,paper/results/flag_improvement_sweep_seed123_branch3.csv
3 + sanity/failure-head sweep,all,two_stage_max_failure_heads,cell_f060+axon_f050+basal_f060+apical_f050,0.8,two_stage,max_validation_percentile,0.4342105263157895,0.7857142857142857,76,33,43,9,42,0.8918918918918919,0.9912,,paper/results/flag_improvement_sweep_seed123_branch3.csv
3 + sanity/failure-head sweep,all,single_cell_f060,cell_f060,0.9,gb,full,0.2349397590361445,0.9285714285714286,166,39,127,3,42,0.7297297297297297,1.0,,paper/results/flag_improvement_sweep_seed123_branch3.csv
3 + sanity/failure-head sweep,all,single_cell_f060,cell_f060,0.9,gb,numeric_only,0.2087912087912088,0.9047619047619048,182,38,144,4,42,0.6923076923076923,1.0,,paper/results/flag_improvement_sweep_seed123_branch3.csv
3 + sanity/failure-head sweep,all,single_failure_head_ranked_against_cell_f060,apical_f050,0.9,rf,no_lab,0.162037037037037,0.8333333333333334,216,35,181,7,42,0.6091476091476091,1.0,,paper/results/flag_improvement_sweep_seed123_branch3.csv
3 + sanity/failure-head sweep,all,single_failure_head_ranked_against_cell_f060,apical_f050,0.9,gb,full,0.1452282157676348,0.8333333333333334,241,35,206,7,42,0.5571725571725572,1.0,,paper/results/flag_improvement_sweep_seed123_branch3.csv
3 + sanity/failure-head sweep,all,single_failure_head_ranked_against_cell_f060,axon_f050,0.9,hgb,no_lab,0.1635514018691588,0.8333333333333334,214,35,179,7,42,0.6133056133056133,1.0,,paper/results/flag_improvement_sweep_seed123_branch3.csv
3 + sanity/failure-head sweep,all,single_failure_head_ranked_against_cell_f060,axon_f050,0.9,hgb,numeric_only,0.1572052401746725,0.8571428571428571,229,36,193,6,42,0.5862785862785863,1.0,,paper/results/flag_improvement_sweep_seed123_branch3.csv
3 + sanity/failure-head sweep,all,single_failure_head_ranked_against_cell_f060,basal_f060,0.9,rf,full,0.2116402116402116,0.9523809523809524,189,40,149,2,42,0.6860706860706861,1.0,,paper/results/flag_improvement_sweep_seed123_branch3.csv
3 + sanity/failure-head sweep,all,single_failure_head_ranked_against_cell_f060,basal_f060,0.9,rf,full,0.211340206185567,0.9761904761904762,194,41,153,1,42,0.6798336798336798,1.0,,paper/results/flag_improvement_sweep_seed123_branch3.csv
3 + sanity/failure-head sweep,all,two_stage_max_failure_heads,cell_f060+axon_f050+basal_f060+apical_f050,0.9,two_stage,max_validation_percentile,0.2857142857142857,0.9047619047619048,133,38,95,4,42,0.7941787941787942,1.0,,paper/results/flag_improvement_sweep_seed123_branch3.csv
3 + sanity/failure-head sweep,all,two_stage_max_failure_heads,cell_f060+axon_f050+basal_f060+apical_f050,0.9,two_stage,max_validation_percentile,0.2294117647058823,0.9285714285714286,170,39,131,3,42,0.7214137214137214,1.0,,paper/results/flag_improvement_sweep_seed123_branch3.csv
3 + sanity/failure-head sweep,all,single_cell_f060,cell_f060,0.95,hgb,no_lab,0.2020725388601036,0.9285714285714286,193,39,154,3,42,0.6735966735966736,1.0,,paper/results/flag_improvement_sweep_seed123_branch3.csv
3 + sanity/failure-head sweep,all,single_cell_f060,cell_f060,0.95,rf,numeric_only,0.2030456852791878,0.9523809523809524,197,40,157,2,42,0.6694386694386695,1.0,,paper/results/flag_improvement_sweep_seed123_branch3.csv
3 + sanity/failure-head sweep,all,single_failure_head_ranked_against_cell_f060,apical_f050,0.95,gb,full,0.1338289962825278,0.8571428571428571,269,36,233,6,42,0.5031185031185031,1.0,,paper/results/flag_improvement_sweep_seed123_branch3.csv
3 + sanity/failure-head sweep,all,single_failure_head_ranked_against_cell_f060,apical_f050,0.95,gb,numeric_only,0.1258278145695364,0.9047619047619048,302,38,264,4,42,0.4428274428274428,1.0,,paper/results/flag_improvement_sweep_seed123_branch3.csv
3 + sanity/failure-head sweep,all,single_failure_head_ranked_against_cell_f060,axon_f050,0.95,gb,full,0.1351351351351351,0.9523809523809524,296,40,256,2,42,0.4636174636174636,1.0,,paper/results/flag_improvement_sweep_seed123_branch3.csv
3 + sanity/failure-head sweep,all,single_failure_head_ranked_against_cell_f060,axon_f050,0.95,gb,full,0.1337792642140468,0.9523809523809524,299,40,259,2,42,0.4573804573804574,1.0,,paper/results/flag_improvement_sweep_seed123_branch3.csv
3 + sanity/failure-head sweep,all,single_failure_head_ranked_against_cell_f060,basal_f060,0.95,hgb,numeric_only,0.1276595744680851,1.0,329,42,287,0,42,0.4033264033264033,1.0,,paper/results/flag_improvement_sweep_seed123_branch3.csv
3 + sanity/failure-head sweep,all,single_failure_head_ranked_against_cell_f060,basal_f060,0.95,hgb,no_lab,0.1246200607902735,0.9761904761904762,329,41,288,1,42,0.3991683991683992,1.0,,paper/results/flag_improvement_sweep_seed123_branch3.csv
3 + sanity/failure-head sweep,all,two_stage_max_failure_heads,cell_f060+axon_f050+basal_f060+apical_f050,0.95,two_stage,max_validation_percentile,0.1673640167364016,0.9523809523809524,239,40,199,2,42,0.5821205821205822,1.0,,paper/results/flag_improvement_sweep_seed123_branch3.csv
3 + sanity/failure-head sweep,all,two_stage_max_failure_heads,cell_f060+axon_f050+basal_f060+apical_f050,0.95,two_stage,max_validation_percentile,0.2191011235955056,0.9285714285714286,178,39,139,3,42,0.7047817047817048,1.0,,paper/results/flag_improvement_sweep_seed123_branch3.csv
3 + sanity/failure-head sweep,interneuron,single_cell_f060,cell_f060,0.5,hgb,full,0.1111111111111111,0.1428571428571428,9,1,8,6,7,0.8939393939393939,1.0,,paper/results/flag_improvement_sweep_seed123_branch3.csv
3 + sanity/failure-head sweep,interneuron,single_cell_f060,cell_f060,0.5,hgb,full,0.125,0.1428571428571428,8,1,7,6,7,0.9015151515151516,1.0,,paper/results/flag_improvement_sweep_seed123_branch3.csv
3 + sanity/failure-head sweep,interneuron,single_failure_head_ranked_against_cell_f060,axon_f050,0.5,extra_trees,numeric_only,0.1,0.1428571428571428,10,1,9,6,7,0.8863636363636364,1.0,,paper/results/flag_improvement_sweep_seed123_branch3.csv
3 + sanity/failure-head sweep,interneuron,single_failure_head_ranked_against_cell_f060,axon_f050,0.5,extra_trees,full,0.125,0.1428571428571428,8,1,7,6,7,0.9015151515151516,1.0,,paper/results/flag_improvement_sweep_seed123_branch3.csv
3 + sanity/failure-head sweep,interneuron,single_failure_head_ranked_against_cell_f060,basal_f060,0.5,rf,no_lab,0.25,0.4285714285714285,12,3,9,4,7,0.9015151515151516,1.0,,paper/results/flag_improvement_sweep_seed123_branch3.csv
3 + sanity/failure-head sweep,interneuron,single_failure_head_ranked_against_cell_f060,basal_f060,0.5,rf,numeric_only,0.1818181818181818,0.2857142857142857,11,2,9,5,7,0.8939393939393939,1.0,,paper/results/flag_improvement_sweep_seed123_branch3.csv
3 + sanity/failure-head sweep,interneuron,two_stage_max_failure_heads,cell_f060+axon_f050+basal_f060,0.5,two_stage,max_validation_percentile,0.0,0.0,2,0,2,7,7,0.9318181818181818,0.99995,,paper/results/flag_improvement_sweep_seed123_branch3.csv
3 + sanity/failure-head sweep,interneuron,two_stage_max_failure_heads,cell_f060+axon_f050+basal_f060,0.5,two_stage,max_validation_percentile,0.0,0.0,3,0,3,7,7,0.9242424242424242,0.9999,,paper/results/flag_improvement_sweep_seed123_branch3.csv
3 + sanity/failure-head sweep,interneuron,single_cell_f060,cell_f060,0.7,hgb,full,0.1176470588235294,0.2857142857142857,17,2,15,5,7,0.8484848484848485,1.0,,paper/results/flag_improvement_sweep_seed123_branch3.csv
3 + sanity/failure-head sweep,interneuron,single_cell_f060,cell_f060,0.7,hgb,full,0.1052631578947368,0.2857142857142857,19,2,17,5,7,0.8333333333333334,1.0,,paper/results/flag_improvement_sweep_seed123_branch3.csv
3 + sanity/failure-head sweep,interneuron,single_failure_head_ranked_against_cell_f060,axon_f050,0.7,extra_trees,numeric_only,0.0666666666666666,0.1428571428571428,15,1,14,6,7,0.8484848484848485,1.0,,paper/results/flag_improvement_sweep_seed123_branch3.csv
3 + sanity/failure-head sweep,interneuron,single_failure_head_ranked_against_cell_f060,axon_f050,0.7,extra_trees,full,0.0869565217391304,0.2857142857142857,23,2,21,5,7,0.803030303030303,1.0,,paper/results/flag_improvement_sweep_seed123_branch3.csv
3 + sanity/failure-head sweep,interneuron,single_failure_head_ranked_against_cell_f060,basal_f060,0.7,rf,numeric_only,0.081081081081081,0.8571428571428571,74,6,68,1,7,0.4772727272727273,1.0,,paper/results/flag_improvement_sweep_seed123_branch3.csv
3 + sanity/failure-head sweep,interneuron,single_failure_head_ranked_against_cell_f060,basal_f060,0.7,hgb,full,0.072463768115942,0.7142857142857143,69,5,64,2,7,0.5,1.0,,paper/results/flag_improvement_sweep_seed123_branch3.csv
3 + sanity/failure-head sweep,interneuron,two_stage_max_failure_heads,cell_f060+axon_f050+basal_f060,0.7,two_stage,max_validation_percentile,0.1470588235294117,0.7142857142857143,34,5,29,2,7,0.7651515151515151,1.0,,paper/results/flag_improvement_sweep_seed123_branch3.csv
3 + sanity/failure-head sweep,interneuron,two_stage_max_failure_heads,cell_f060+axon_f050+basal_f060,0.7,two_stage,max_validation_percentile,0.1621621621621621,0.8571428571428571,37,6,31,1,7,0.7575757575757576,1.0,,paper/results/flag_improvement_sweep_seed123_branch3.csv
3 + sanity/failure-head sweep,interneuron,single_cell_f060,cell_f060,0.8,logreg,no_lab,0.0769230769230769,0.2857142857142857,26,2,24,5,7,0.7803030303030303,1.0,paper/models/flag_improvement_sweep_seed123_branch3/interneuron_xmodel_cell_f060_r080.joblib,paper/results/flag_improvement_sweep_seed123_branch3.csv
3 + sanity/failure-head sweep,interneuron,single_cell_f060,cell_f060,0.8,logreg,no_lab,0.1071428571428571,0.4285714285714285,28,3,25,4,7,0.7803030303030303,1.0,paper/models/flag_improvement_sweep_seed123_branch3/interneuron_xmodel_sanity_cell_f060_r080.joblib,paper/results/flag_improvement_sweep_seed123_branch3.csv
3 + sanity/failure-head sweep,interneuron,single_failure_head_ranked_against_cell_f060,axon_f050,0.8,gb,no_lab,0.1538461538461538,0.5714285714285714,26,4,22,3,7,0.8106060606060606,1.0,,paper/results/flag_improvement_sweep_seed123_branch3.csv
3 + sanity/failure-head sweep,interneuron,single_failure_head_ranked_against_cell_f060,axon_f050,0.8,gb,full,0.1538461538461538,0.5714285714285714,26,4,22,3,7,0.8106060606060606,1.0,,paper/results/flag_improvement_sweep_seed123_branch3.csv
3 + sanity/failure-head sweep,interneuron,single_failure_head_ranked_against_cell_f060,basal_f060,0.8,extra_trees,full,0.0744680851063829,1.0,94,7,87,0,7,0.3409090909090909,1.0,,paper/results/flag_improvement_sweep_seed123_branch3.csv
3 + sanity/failure-head sweep,interneuron,single_failure_head_ranked_against_cell_f060,basal_f060,0.8,rf,no_lab,0.063063063063063,1.0,111,7,104,0,7,0.2121212121212121,1.0,,paper/results/flag_improvement_sweep_seed123_branch3.csv
3 + sanity/failure-head sweep,interneuron,two_stage_max_failure_heads,cell_f060+axon_f050+basal_f060,0.8,two_stage,max_validation_percentile,0.1320754716981132,1.0,53,7,46,0,7,0.6515151515151515,1.0,,paper/results/flag_improvement_sweep_seed123_branch3.csv
3 + sanity/failure-head sweep,interneuron,two_stage_max_failure_heads,cell_f060+axon_f050+basal_f060,0.8,two_stage,max_validation_percentile,0.1627906976744186,1.0,43,7,36,0,7,0.7272727272727273,1.0,,paper/results/flag_improvement_sweep_seed123_branch3.csv
3 + sanity/failure-head sweep,interneuron,single_cell_f060,cell_f060,0.9,hgb,full,0.0598290598290598,1.0,117,7,110,0,7,0.1666666666666666,1.0,,paper/results/flag_improvement_sweep_seed123_branch3.csv
3 + sanity/failure-head sweep,interneuron,single_cell_f060,cell_f060,0.9,rf,numeric_only,0.0673076923076923,1.0,104,7,97,0,7,0.2651515151515151,1.0,,paper/results/flag_improvement_sweep_seed123_branch3.csv
3 + sanity/failure-head sweep,interneuron,single_failure_head_ranked_against_cell_f060,axon_f050,0.9,extra_trees,no_lab,0.0721649484536082,1.0,97,7,90,0,7,0.3181818181818182,1.0,,paper/results/flag_improvement_sweep_seed123_branch3.csv
3 + sanity/failure-head sweep,interneuron,single_failure_head_ranked_against_cell_f060,axon_f050,0.9,extra_trees,numeric_only,0.0654205607476635,1.0,107,7,100,0,7,0.2424242424242424,1.0,,paper/results/flag_improvement_sweep_seed123_branch3.csv
3 + sanity/failure-head sweep,interneuron,single_failure_head_ranked_against_cell_f060,basal_f060,0.9,extra_trees,numeric_only,0.0625,1.0,112,7,105,0,7,0.2045454545454545,1.0,,paper/results/flag_improvement_sweep_seed123_branch3.csv
3 + sanity/failure-head sweep,interneuron,single_failure_head_ranked_against_cell_f060,basal_f060,0.9,extra_trees,numeric_only,0.0583333333333333,1.0,120,7,113,0,7,0.1439393939393939,1.0,,paper/results/flag_improvement_sweep_seed123_branch3.csv
3 + sanity/failure-head sweep,interneuron,two_stage_max_failure_heads,cell_f060+axon_f050+basal_f060,0.9,two_stage,max_validation_percentile,0.056910569105691,1.0,123,7,116,0,7,0.1212121212121212,1.0,,paper/results/flag_improvement_sweep_seed123_branch3.csv
3 + sanity/failure-head sweep,interneuron,two_stage_max_failure_heads,cell_f060+axon_f050+basal_f060,0.9,two_stage,max_validation_percentile,0.0551181102362204,1.0,127,7,120,0,7,0.0909090909090909,1.0,,paper/results/flag_improvement_sweep_seed123_branch3.csv
3 + sanity/failure-head sweep,interneuron,single_cell_f060,cell_f060,0.95,hgb,full,0.0598290598290598,1.0,117,7,110,0,7,0.1666666666666666,1.0,,paper/results/flag_improvement_sweep_seed123_branch3.csv
3 + sanity/failure-head sweep,interneuron,single_cell_f060,cell_f060,0.95,rf,numeric_only,0.0673076923076923,1.0,104,7,97,0,7,0.2651515151515151,1.0,,paper/results/flag_improvement_sweep_seed123_branch3.csv
3 + sanity/failure-head sweep,interneuron,single_failure_head_ranked_against_cell_f060,axon_f050,0.95,extra_trees,no_lab,0.0721649484536082,1.0,97,7,90,0,7,0.3181818181818182,1.0,,paper/results/flag_improvement_sweep_seed123_branch3.csv
3 + sanity/failure-head sweep,interneuron,single_failure_head_ranked_against_cell_f060,axon_f050,0.95,extra_trees,numeric_only,0.0654205607476635,1.0,107,7,100,0,7,0.2424242424242424,1.0,,paper/results/flag_improvement_sweep_seed123_branch3.csv
3 + sanity/failure-head sweep,interneuron,single_failure_head_ranked_against_cell_f060,basal_f060,0.95,extra_trees,numeric_only,0.0625,1.0,112,7,105,0,7,0.2045454545454545,1.0,,paper/results/flag_improvement_sweep_seed123_branch3.csv
3 + sanity/failure-head sweep,interneuron,single_failure_head_ranked_against_cell_f060,basal_f060,0.95,extra_trees,numeric_only,0.0583333333333333,1.0,120,7,113,0,7,0.1439393939393939,1.0,,paper/results/flag_improvement_sweep_seed123_branch3.csv
3 + sanity/failure-head sweep,interneuron,two_stage_max_failure_heads,cell_f060+axon_f050+basal_f060,0.95,two_stage,max_validation_percentile,0.056910569105691,1.0,123,7,116,0,7,0.1212121212121212,1.0,,paper/results/flag_improvement_sweep_seed123_branch3.csv
3 + sanity/failure-head sweep,interneuron,two_stage_max_failure_heads,cell_f060+axon_f050+basal_f060,0.95,two_stage,max_validation_percentile,0.0551181102362204,1.0,127,7,120,0,7,0.0909090909090909,1.0,,paper/results/flag_improvement_sweep_seed123_branch3.csv
3 + sanity/failure-head sweep,pyramidal,single_cell_f060,cell_f060,0.5,hgb,full,0.5925925925925926,0.4571428571428571,27,16,11,19,35,0.9140401146131804,0.72743,,paper/results/flag_improvement_sweep_seed123_branch3.csv
3 + sanity/failure-head sweep,pyramidal,single_cell_f060,cell_f060,0.5,hgb,no_lab,0.64,0.4571428571428571,25,16,9,19,35,0.9197707736389684,0.72849,,paper/results/flag_improvement_sweep_seed123_branch3.csv
3 + sanity/failure-head sweep,pyramidal,single_failure_head_ranked_against_cell_f060,apical_f050,0.5,hgb,full,0.5555555555555556,0.5714285714285714,36,20,16,15,35,0.9111747851002864,0.8081,,paper/results/flag_improvement_sweep_seed123_branch3.csv
3 + sanity/failure-head sweep,pyramidal,single_failure_head_ranked_against_cell_f060,apical_f050,0.5,hgb,full,0.5555555555555556,0.5714285714285714,36,20,16,15,35,0.9111747851002864,0.8081,,paper/results/flag_improvement_sweep_seed123_branch3.csv
3 + sanity/failure-head sweep,pyramidal,single_failure_head_ranked_against_cell_f060,axon_f050,0.5,hgb,full,0.2647058823529412,0.5142857142857142,68,18,50,17,35,0.8080229226361032,0.8571,,paper/results/flag_improvement_sweep_seed123_branch3.csv
3 + sanity/failure-head sweep,pyramidal,single_failure_head_ranked_against_cell_f060,axon_f050,0.5,hgb,full,0.2361111111111111,0.4857142857142857,72,17,55,18,35,0.7908309455587392,0.84618,,paper/results/flag_improvement_sweep_seed123_branch3.csv
3 + sanity/failure-head sweep,pyramidal,single_failure_head_ranked_against_cell_f060,basal_f060,0.5,rf,no_lab,0.5625,0.5142857142857142,32,18,14,17,35,0.9111747851002864,0.73646,,paper/results/flag_improvement_sweep_seed123_branch3.csv
3 + sanity/failure-head sweep,pyramidal,single_failure_head_ranked_against_cell_f060,basal_f060,0.5,rf,numeric_only,0.5806451612903226,0.5142857142857142,31,18,13,17,35,0.9140401146131804,0.73717,,paper/results/flag_improvement_sweep_seed123_branch3.csv
3 + sanity/failure-head sweep,pyramidal,two_stage_max_failure_heads,cell_f060+axon_f050+basal_f060+apical_f050,0.5,two_stage,max_validation_percentile,0.45,0.5142857142857142,40,18,22,17,35,0.8882521489971347,0.82634,,paper/results/flag_improvement_sweep_seed123_branch3.csv
3 + sanity/failure-head sweep,pyramidal,two_stage_max_failure_heads,cell_f060+axon_f050+basal_f060+apical_f050,0.5,two_stage,max_validation_percentile,0.5,0.5142857142857142,36,18,18,17,35,0.8997134670487106,0.8081,,paper/results/flag_improvement_sweep_seed123_branch3.csv
3 + sanity/failure-head sweep,pyramidal,single_cell_f060,cell_f060,0.7,gb,full,0.5,0.6571428571428571,46,23,23,12,35,0.8997134670487106,0.86044,,paper/results/flag_improvement_sweep_seed123_branch3.csv
3 + sanity/failure-head sweep,pyramidal,single_cell_f060,cell_f060,0.7,gb,full,0.5434782608695652,0.7142857142857143,46,25,21,10,35,0.9111747851002864,0.8751800000000001,,paper/results/flag_improvement_sweep_seed123_branch3.csv
3 + sanity/failure-head sweep,pyramidal,single_failure_head_ranked_against_cell_f060,apical_f050,0.7,gb,full,0.3478260869565217,0.6857142857142857,69,24,45,11,35,0.839541547277937,0.8721300000000001,,paper/results/flag_improvement_sweep_seed123_branch3.csv
3 + sanity/failure-head sweep,pyramidal,single_failure_head_ranked_against_cell_f060,apical_f050,0.7,gb,full,0.3529411764705882,0.6857142857142857,68,24,44,11,35,0.8424068767908309,0.8738,,paper/results/flag_improvement_sweep_seed123_branch3.csv
3 + sanity/failure-head sweep,pyramidal,single_failure_head_ranked_against_cell_f060,axon_f050,0.7,gb,full,0.2285714285714285,0.6857142857142857,105,24,81,11,35,0.7363896848137536,0.99373,,paper/results/flag_improvement_sweep_seed123_branch3.csv
3 + sanity/failure-head sweep,pyramidal,single_failure_head_ranked_against_cell_f060,axon_f050,0.7,gb,full,0.2181818181818181,0.6857142857142857,110,24,86,11,35,0.7220630372492837,0.99306,,paper/results/flag_improvement_sweep_seed123_branch3.csv
3 + sanity/failure-head sweep,pyramidal,single_failure_head_ranked_against_cell_f060,basal_f060,0.7,hgb,no_lab,0.3968253968253968,0.7142857142857143,63,25,38,10,35,0.8624641833810889,0.8772500000000001,,paper/results/flag_improvement_sweep_seed123_branch3.csv
3 + sanity/failure-head sweep,pyramidal,single_failure_head_ranked_against_cell_f060,basal_f060,0.7,hgb,no_lab,0.390625,0.7142857142857143,64,25,39,10,35,0.8595988538681948,0.8918200000000001,,paper/results/flag_improvement_sweep_seed123_branch3.csv
3 + sanity/failure-head sweep,pyramidal,two_stage_max_failure_heads,cell_f060+axon_f050+basal_f060+apical_f050,0.7,two_stage,max_validation_percentile,0.4210526315789473,0.6857142857142857,57,24,33,11,35,0.8739255014326648,0.9785,,paper/results/flag_improvement_sweep_seed123_branch3.csv
3 + sanity/failure-head sweep,pyramidal,two_stage_max_failure_heads,cell_f060+axon_f050+basal_f060+apical_f050,0.7,two_stage,max_validation_percentile,0.4210526315789473,0.6857142857142857,57,24,33,11,35,0.8739255014326648,0.9785,,paper/results/flag_improvement_sweep_seed123_branch3.csv
3 + sanity/failure-head sweep,pyramidal,single_cell_f060,cell_f060,0.8,rf,no_lab,0.5384615384615384,0.8,52,28,24,7,35,0.9111747851002864,0.9765,paper/models/flag_improvement_sweep_seed123_branch3/pyramidal_xmodel_cell_f060_r080.joblib,paper/results/flag_improvement_sweep_seed123_branch3.csv
3 + sanity/failure-head sweep,pyramidal,single_cell_f060,cell_f060,0.8,gb,full,0.4666666666666667,0.8,60,28,32,7,35,0.8882521489971347,0.9799,paper/models/flag_improvement_sweep_seed123_branch3/pyramidal_xmodel_sanity_cell_f060_r080.joblib,paper/results/flag_improvement_sweep_seed123_branch3.csv
3 + sanity/failure-head sweep,pyramidal,single_failure_head_ranked_against_cell_f060,apical_f050,0.8,gb,numeric_only,0.3012048192771084,0.7142857142857143,83,25,58,10,35,0.8051575931232091,0.9287,,paper/results/flag_improvement_sweep_seed123_branch3.csv
3 + sanity/failure-head sweep,pyramidal,single_failure_head_ranked_against_cell_f060,apical_f050,0.8,gb,no_lab,0.2688172043010752,0.7142857142857143,93,25,68,10,35,0.7765042979942693,0.98465,,paper/results/flag_improvement_sweep_seed123_branch3.csv
3 + sanity/failure-head sweep,pyramidal,single_failure_head_ranked_against_cell_f060,axon_f050,0.8,gb,full,0.1908396946564885,0.7142857142857143,131,25,106,10,35,0.667621776504298,0.9952,,paper/results/flag_improvement_sweep_seed123_branch3.csv
3 + sanity/failure-head sweep,pyramidal,single_failure_head_ranked_against_cell_f060,axon_f050,0.8,gb,full,0.2100840336134453,0.7142857142857143,119,25,94,10,35,0.7020057306590258,0.9954,,paper/results/flag_improvement_sweep_seed123_branch3.csv
3 + sanity/failure-head sweep,pyramidal,single_failure_head_ranked_against_cell_f060,basal_f060,0.8,rf,full,0.3232323232323232,0.9142857142857144,99,32,67,3,35,0.7994269340974212,0.99756,,paper/results/flag_improvement_sweep_seed123_branch3.csv
3 + sanity/failure-head sweep,pyramidal,single_failure_head_ranked_against_cell_f060,basal_f060,0.8,rf,numeric_only,0.3368421052631579,0.9142857142857144,95,32,63,3,35,0.8108882521489972,0.99732,,paper/results/flag_improvement_sweep_seed123_branch3.csv
3 + sanity/failure-head sweep,pyramidal,two_stage_max_failure_heads,cell_f060+axon_f050+basal_f060+apical_f050,0.8,two_stage,max_validation_percentile,0.4057971014492754,0.8,69,28,41,7,35,0.8624641833810889,0.98785,,paper/results/flag_improvement_sweep_seed123_branch3.csv
3 + sanity/failure-head sweep,pyramidal,two_stage_max_failure_heads,cell_f060+axon_f050+basal_f060+apical_f050,0.8,two_stage,max_validation_percentile,0.3918918918918919,0.8285714285714286,74,29,45,6,35,0.8538681948424068,0.99128,,paper/results/flag_improvement_sweep_seed123_branch3.csv
3 + sanity/failure-head sweep,pyramidal,single_cell_f060,cell_f060,0.9,gb,full,0.3684210526315789,0.8,76,28,48,7,35,0.8424068767908309,0.99114,,paper/results/flag_improvement_sweep_seed123_branch3.csv
3 + sanity/failure-head sweep,pyramidal,single_cell_f060,cell_f060,0.9,rf,no_lab,0.3555555555555555,0.9142857142857144,90,32,58,3,35,0.8252148997134671,0.99996,,paper/results/flag_improvement_sweep_seed123_branch3.csv
3 + sanity/failure-head sweep,pyramidal,single_failure_head_ranked_against_cell_f060,apical_f050,0.9,extra_trees,full,0.1779141104294478,0.8285714285714286,163,29,134,6,35,0.5988538681948424,0.9999,,paper/results/flag_improvement_sweep_seed123_branch3.csv
3 + sanity/failure-head sweep,pyramidal,single_failure_head_ranked_against_cell_f060,apical_f050,0.9,hgb,no_lab,0.1739130434782608,0.8,161,28,133,7,35,0.5988538681948424,0.98569,,paper/results/flag_improvement_sweep_seed123_branch3.csv
3 + sanity/failure-head sweep,pyramidal,single_failure_head_ranked_against_cell_f060,axon_f050,0.9,rf,no_lab,0.165,0.9428571428571428,200,33,167,2,35,0.5157593123209169,1.0,,paper/results/flag_improvement_sweep_seed123_branch3.csv
3 + sanity/failure-head sweep,pyramidal,single_failure_head_ranked_against_cell_f060,axon_f050,0.9,rf,full,0.1568627450980392,0.9142857142857144,204,32,172,3,35,0.498567335243553,1.0,,paper/results/flag_improvement_sweep_seed123_branch3.csv
3 + sanity/failure-head sweep,pyramidal,single_failure_head_ranked_against_cell_f060,basal_f060,0.9,gb,full,0.2285714285714285,0.9142857142857144,140,32,108,3,35,0.6819484240687679,0.99686,,paper/results/flag_improvement_sweep_seed123_branch3.csv
3 + sanity/failure-head sweep,pyramidal,single_failure_head_ranked_against_cell_f060,basal_f060,0.9,gb,full,0.2285714285714285,0.9142857142857144,140,32,108,3,35,0.6819484240687679,0.99686,,paper/results/flag_improvement_sweep_seed123_branch3.csv
3 + sanity/failure-head sweep,pyramidal,two_stage_max_failure_heads,cell_f060+axon_f050+basal_f060+apical_f050,0.9,two_stage,max_validation_percentile,0.2519685039370078,0.9142857142857144,127,32,95,3,35,0.7191977077363897,1.0,,paper/results/flag_improvement_sweep_seed123_branch3.csv
3 + sanity/failure-head sweep,pyramidal,two_stage_max_failure_heads,cell_f060+axon_f050+basal_f060+apical_f050,0.9,two_stage,max_validation_percentile,0.256,0.9142857142857144,125,32,93,3,35,0.7249283667621776,1.0,,paper/results/flag_improvement_sweep_seed123_branch3.csv
3 + sanity/failure-head sweep,pyramidal,single_cell_f060,cell_f060,0.95,gb,numeric_only,0.2191780821917808,0.9142857142857144,146,32,114,3,35,0.664756446991404,1.0,,paper/results/flag_improvement_sweep_seed123_branch3.csv
3 + sanity/failure-head sweep,pyramidal,single_cell_f060,cell_f060,0.95,gb,numeric_only,0.2176870748299319,0.9142857142857144,147,32,115,3,35,0.66189111747851,1.0,,paper/results/flag_improvement_sweep_seed123_branch3.csv
3 + sanity/failure-head sweep,pyramidal,single_failure_head_ranked_against_cell_f060,apical_f050,0.95,hgb,no_lab,0.1526315789473684,0.8285714285714286,190,29,161,6,35,0.5214899713467048,0.99096,,paper/results/flag_improvement_sweep_seed123_branch3.csv
3 + sanity/failure-head sweep,pyramidal,single_failure_head_ranked_against_cell_f060,apical_f050,0.95,hgb,no_lab,0.1458333333333333,0.8,192,28,164,7,35,0.5100286532951289,0.9777,,paper/results/flag_improvement_sweep_seed123_branch3.csv
3 + sanity/failure-head sweep,pyramidal,single_failure_head_ranked_against_cell_f060,axon_f050,0.95,rf,no_lab,0.1534883720930232,0.9428571428571428,215,33,182,2,35,0.4727793696275071,1.0,,paper/results/flag_improvement_sweep_seed123_branch3.csv
3 + sanity/failure-head sweep,pyramidal,single_failure_head_ranked_against_cell_f060,axon_f050,0.95,rf,full,0.1549295774647887,0.9428571428571428,213,33,180,2,35,0.4785100286532951,1.0,,paper/results/flag_improvement_sweep_seed123_branch3.csv
3 + sanity/failure-head sweep,pyramidal,single_failure_head_ranked_against_cell_f060,basal_f060,0.95,gb,no_lab,0.2024539877300613,0.9428571428571428,163,33,130,2,35,0.6217765042979942,1.0,,paper/results/flag_improvement_sweep_seed123_branch3.csv
3 + sanity/failure-head sweep,pyramidal,single_failure_head_ranked_against_cell_f060,basal_f060,0.95,gb,numeric_only,0.2037037037037037,0.9428571428571428,162,33,129,2,35,0.6246418338108882,1.0,,paper/results/flag_improvement_sweep_seed123_branch3.csv
3 + sanity/failure-head sweep,pyramidal,two_stage_max_failure_heads,cell_f060+axon_f050+basal_f060+apical_f050,0.95,two_stage,max_validation_percentile,0.2025316455696202,0.9142857142857144,158,32,126,3,35,0.6303724928366762,1.0,,paper/results/flag_improvement_sweep_seed123_branch3.csv
3 + sanity/failure-head sweep,pyramidal,two_stage_max_failure_heads,cell_f060+axon_f050+basal_f060+apical_f050,0.95,two_stage,max_validation_percentile,0.1951219512195122,0.9142857142857144,164,32,132,3,35,0.6131805157593123,1.0,,paper/results/flag_improvement_sweep_seed123_branch3.csv
4 + multi-v12 disagreement,all,single_cell_f060,cell_f060,0.5,hgb,full,0.9411764705882352,0.3809523809523809,17,16,1,26,42,0.943866943866944,0.72207,,paper/results/flag_improvement_sweep_seed123_branch3_v12ens.csv
4 + multi-v12 disagreement,all,single_cell_f060,cell_f060,0.5,hgb,full,0.8421052631578947,0.3809523809523809,19,16,3,26,42,0.9397089397089398,0.7277,,paper/results/flag_improvement_sweep_seed123_branch3_v12ens.csv
4 + multi-v12 disagreement,all,single_failure_head_ranked_against_cell_f060,apical_f050,0.5,rf,full,0.5,0.5,42,21,21,21,42,0.9126819126819128,0.90164,,paper/results/flag_improvement_sweep_seed123_branch3_v12ens.csv
4 + multi-v12 disagreement,all,single_failure_head_ranked_against_cell_f060,apical_f050,0.5,rf,full,0.4565217391304347,0.5,46,21,25,21,42,0.9043659043659044,0.90052,,paper/results/flag_improvement_sweep_seed123_branch3_v12ens.csv
4 + multi-v12 disagreement,all,single_failure_head_ranked_against_cell_f060,axon_f050,0.5,rf,no_lab,0.3243243243243243,0.2857142857142857,37,12,25,30,42,0.8856548856548857,0.76169,,paper/results/flag_improvement_sweep_seed123_branch3_v12ens.csv
4 + multi-v12 disagreement,all,single_failure_head_ranked_against_cell_f060,axon_f050,0.5,rf,no_lab,0.3243243243243243,0.2857142857142857,37,12,25,30,42,0.8856548856548857,0.76169,,paper/results/flag_improvement_sweep_seed123_branch3_v12ens.csv
4 + multi-v12 disagreement,all,single_failure_head_ranked_against_cell_f060,basal_f060,0.5,rf,no_lab,0.6818181818181818,0.3571428571428571,22,15,7,27,42,0.9293139293139292,0.7333000000000001,,paper/results/flag_improvement_sweep_seed123_branch3_v12ens.csv
4 + multi-v12 disagreement,all,single_failure_head_ranked_against_cell_f060,basal_f060,0.5,rf,no_lab,0.6071428571428571,0.4047619047619047,28,17,11,25,42,0.9251559251559252,0.75536,,paper/results/flag_improvement_sweep_seed123_branch3_v12ens.csv
4 + multi-v12 disagreement,all,two_stage_max_failure_heads,cell_f060+axon_f050+basal_f060+apical_f050,0.5,two_stage,max_validation_percentile,0.7142857142857143,0.4761904761904761,28,20,8,22,42,0.9376299376299376,0.8775600000000001,,paper/results/flag_improvement_sweep_seed123_branch3_v12ens.csv
4 + multi-v12 disagreement,all,two_stage_max_failure_heads,cell_f060+axon_f050+basal_f060+apical_f050,0.5,two_stage,max_validation_percentile,0.6896551724137931,0.4761904761904761,29,20,9,22,42,0.9355509355509356,0.89968,,paper/results/flag_improvement_sweep_seed123_branch3_v12ens.csv
4 + multi-v12 disagreement,all,single_cell_f060,cell_f060,0.7,gb,full,0.8181818181818182,0.6428571428571429,33,27,6,15,42,0.9563409563409564,0.91314,,paper/results/flag_improvement_sweep_seed123_branch3_v12ens.csv
4 + multi-v12 disagreement,all,single_cell_f060,cell_f060,0.7,extra_trees,numeric_only,0.6444444444444445,0.6904761904761905,45,29,16,13,42,0.9397089397089398,0.975,,paper/results/flag_improvement_sweep_seed123_branch3_v12ens.csv
4 + multi-v12 disagreement,all,single_failure_head_ranked_against_cell_f060,apical_f050,0.7,rf,numeric_only,0.3125,0.5952380952380952,80,25,55,17,42,0.8503118503118503,0.9738,,paper/results/flag_improvement_sweep_seed123_branch3_v12ens.csv
4 + multi-v12 disagreement,all,single_failure_head_ranked_against_cell_f060,apical_f050,0.7,rf,full,0.380281690140845,0.6428571428571429,71,27,44,15,42,0.8773388773388774,0.97596,,paper/results/flag_improvement_sweep_seed123_branch3_v12ens.csv
4 + multi-v12 disagreement,all,single_failure_head_ranked_against_cell_f060,axon_f050,0.7,rf,full,0.3150684931506849,0.5476190476190477,73,23,50,19,42,0.8565488565488566,0.99943,,paper/results/flag_improvement_sweep_seed123_branch3_v12ens.csv
4 + multi-v12 disagreement,all,single_failure_head_ranked_against_cell_f060,axon_f050,0.7,rf,full,0.3164556962025316,0.5952380952380952,79,25,54,17,42,0.8523908523908524,1.0,,paper/results/flag_improvement_sweep_seed123_branch3_v12ens.csv
4 + multi-v12 disagreement,all,single_failure_head_ranked_against_cell_f060,basal_f060,0.7,extra_trees,full,0.56,0.6666666666666666,50,28,22,14,42,0.9251559251559252,0.9583,,paper/results/flag_improvement_sweep_seed123_branch3_v12ens.csv
4 + multi-v12 disagreement,all,single_failure_head_ranked_against_cell_f060,basal_f060,0.7,extra_trees,full,0.6222222222222222,0.6666666666666666,45,28,17,14,42,0.9355509355509356,0.97075,,paper/results/flag_improvement_sweep_seed123_branch3_v12ens.csv
4 + multi-v12 disagreement,all,two_stage_max_failure_heads,cell_f060+axon_f050+basal_f060+apical_f050,0.7,two_stage,max_validation_percentile,0.627906976744186,0.6428571428571429,43,27,16,15,42,0.9355509355509356,0.97704,,paper/results/flag_improvement_sweep_seed123_branch3_v12ens.csv
4 + multi-v12 disagreement,all,two_stage_max_failure_heads,cell_f060+axon_f050+basal_f060+apical_f050,0.7,two_stage,max_validation_percentile,0.5714285714285714,0.6666666666666666,49,28,21,14,42,0.9272349272349272,0.98569,,paper/results/flag_improvement_sweep_seed123_branch3_v12ens.csv
4 + multi-v12 disagreement,all,single_cell_f060,cell_f060,0.8,extra_trees,full,0.5714285714285714,0.7619047619047619,56,32,24,10,42,0.9293139293139292,0.98848,paper/models/flag_improvement_sweep_seed123_branch3_v12ens/all_xmodel_cell_f060_r080.joblib,paper/results/flag_improvement_sweep_seed123_branch3_v12ens.csv
4 + multi-v12 disagreement,all,single_cell_f060,cell_f060,0.8,hgb,numeric_only,0.6274509803921569,0.7619047619047619,51,32,19,10,42,0.9397089397089398,0.9856,paper/models/flag_improvement_sweep_seed123_branch3_v12ens/all_xmodel_sanity_cell_f060_r080.joblib,paper/results/flag_improvement_sweep_seed123_branch3_v12ens.csv
4 + multi-v12 disagreement,all,single_failure_head_ranked_against_cell_f060,apical_f050,0.8,rf,full,0.3295454545454545,0.6904761904761905,88,29,59,13,42,0.8503118503118503,0.9856,,paper/results/flag_improvement_sweep_seed123_branch3_v12ens.csv
4 + multi-v12 disagreement,all,single_failure_head_ranked_against_cell_f060,apical_f050,0.8,rf,full,0.3440860215053763,0.7619047619047619,93,32,61,10,42,0.8523908523908524,0.98623,,paper/results/flag_improvement_sweep_seed123_branch3_v12ens.csv
4 + multi-v12 disagreement,all,single_failure_head_ranked_against_cell_f060,axon_f050,0.8,rf,full,0.3195876288659793,0.7380952380952381,97,31,66,11,42,0.83991683991684,1.0,,paper/results/flag_improvement_sweep_seed123_branch3_v12ens.csv
4 + multi-v12 disagreement,all,single_failure_head_ranked_against_cell_f060,axon_f050,0.8,rf,full,0.3137254901960784,0.7619047619047619,102,32,70,10,42,0.8336798336798337,1.0,,paper/results/flag_improvement_sweep_seed123_branch3_v12ens.csv
4 + multi-v12 disagreement,all,single_failure_head_ranked_against_cell_f060,basal_f060,0.8,gb,full,0.3777777777777777,0.8095238095238095,90,34,56,8,42,0.8669438669438669,0.9915,,paper/results/flag_improvement_sweep_seed123_branch3_v12ens.csv
4 + multi-v12 disagreement,all,single_failure_head_ranked_against_cell_f060,basal_f060,0.8,gb,no_lab,0.3777777777777777,0.8095238095238095,90,34,56,8,42,0.8669438669438669,0.9915,,paper/results/flag_improvement_sweep_seed123_branch3_v12ens.csv
4 + multi-v12 disagreement,all,two_stage_max_failure_heads,cell_f060+axon_f050+basal_f060+apical_f050,0.8,two_stage,max_validation_percentile,0.5818181818181818,0.7619047619047619,55,32,23,10,42,0.9313929313929314,0.9901,,paper/results/flag_improvement_sweep_seed123_branch3_v12ens.csv
4 + multi-v12 disagreement,all,two_stage_max_failure_heads,cell_f060+axon_f050+basal_f060+apical_f050,0.8,two_stage,max_validation_percentile,0.5384615384615384,0.8333333333333334,65,35,30,7,42,0.9230769230769232,0.99325,,paper/results/flag_improvement_sweep_seed123_branch3_v12ens.csv
4 + multi-v12 disagreement,all,single_cell_f060,cell_f060,0.9,hgb,no_lab,0.5,0.8333333333333334,70,35,35,7,42,0.9126819126819128,0.9981,,paper/results/flag_improvement_sweep_seed123_branch3_v12ens.csv
4 + multi-v12 disagreement,all,single_cell_f060,cell_f060,0.9,extra_trees,full,0.5142857142857142,0.8571428571428571,70,36,34,6,42,0.9168399168399168,0.9981,,paper/results/flag_improvement_sweep_seed123_branch3_v12ens.csv
4 + multi-v12 disagreement,all,single_failure_head_ranked_against_cell_f060,apical_f050,0.9,rf,full,0.2409638554216867,0.9523809523809524,166,40,126,2,42,0.7338877338877339,1.0,,paper/results/flag_improvement_sweep_seed123_branch3_v12ens.csv
4 + multi-v12 disagreement,all,single_failure_head_ranked_against_cell_f060,apical_f050,0.9,hgb,no_lab,0.2176470588235294,0.8809523809523809,170,37,133,5,42,0.7130977130977131,0.9957,,paper/results/flag_improvement_sweep_seed123_branch3_v12ens.csv
4 + multi-v12 disagreement,all,single_failure_head_ranked_against_cell_f060,axon_f050,0.9,gb,numeric_only,0.2222222222222222,0.8571428571428571,162,36,126,6,42,0.7255717255717256,1.0,,paper/results/flag_improvement_sweep_seed123_branch3_v12ens.csv
4 + multi-v12 disagreement,all,single_failure_head_ranked_against_cell_f060,axon_f050,0.9,gb,numeric_only,0.2222222222222222,0.8571428571428571,162,36,126,6,42,0.7255717255717256,1.0,,paper/results/flag_improvement_sweep_seed123_branch3_v12ens.csv
4 + multi-v12 disagreement,all,single_failure_head_ranked_against_cell_f060,basal_f060,0.9,rf,full,0.2803030303030303,0.8809523809523809,132,37,95,5,42,0.7920997920997921,1.0,,paper/results/flag_improvement_sweep_seed123_branch3_v12ens.csv
4 + multi-v12 disagreement,all,single_failure_head_ranked_against_cell_f060,basal_f060,0.9,rf,no_lab,0.3130434782608696,0.8571428571428571,115,36,79,6,42,0.8232848232848233,0.99905,,paper/results/flag_improvement_sweep_seed123_branch3_v12ens.csv
4 + multi-v12 disagreement,all,two_stage_max_failure_heads,cell_f060+axon_f050+basal_f060+apical_f050,0.9,two_stage,max_validation_percentile,0.4137931034482758,0.8571428571428571,87,36,51,6,42,0.8814968814968815,1.0,,paper/results/flag_improvement_sweep_seed123_branch3_v12ens.csv
4 + multi-v12 disagreement,all,two_stage_max_failure_heads,cell_f060+axon_f050+basal_f060+apical_f050,0.9,two_stage,max_validation_percentile,0.4137931034482758,0.8571428571428571,87,36,51,6,42,0.8814968814968815,1.0,,paper/results/flag_improvement_sweep_seed123_branch3_v12ens.csv
4 + multi-v12 disagreement,all,single_cell_f060,cell_f060,0.95,rf,numeric_only,0.3762376237623762,0.9047619047619048,101,38,63,4,42,0.8607068607068608,1.0,,paper/results/flag_improvement_sweep_seed123_branch3_v12ens.csv
4 + multi-v12 disagreement,all,single_cell_f060,cell_f060,0.95,rf,numeric_only,0.3936170212765957,0.8809523809523809,94,37,57,5,42,0.8711018711018711,1.0,,paper/results/flag_improvement_sweep_seed123_branch3_v12ens.csv
4 + multi-v12 disagreement,all,single_failure_head_ranked_against_cell_f060,apical_f050,0.95,rf,no_lab,0.1877934272300469,0.9523809523809524,213,40,173,2,42,0.6361746361746362,1.0,,paper/results/flag_improvement_sweep_seed123_branch3_v12ens.csv
4 + multi-v12 disagreement,all,single_failure_head_ranked_against_cell_f060,apical_f050,0.95,rf,no_lab,0.1951219512195122,0.9523809523809524,205,40,165,2,42,0.6528066528066528,1.0,,paper/results/flag_improvement_sweep_seed123_branch3_v12ens.csv
4 + multi-v12 disagreement,all,single_failure_head_ranked_against_cell_f060,axon_f050,0.95,hgb,numeric_only,0.173728813559322,0.9761904761904762,236,41,195,1,42,0.5925155925155925,1.0,,paper/results/flag_improvement_sweep_seed123_branch3_v12ens.csv
4 + multi-v12 disagreement,all,single_failure_head_ranked_against_cell_f060,axon_f050,0.95,rf,no_lab,0.1735159817351598,0.9047619047619048,219,38,181,4,42,0.6153846153846154,1.0,,paper/results/flag_improvement_sweep_seed123_branch3_v12ens.csv
4 + multi-v12 disagreement,all,single_failure_head_ranked_against_cell_f060,basal_f060,0.95,rf,no_lab,0.2550335570469799,0.9047619047619048,149,38,111,4,42,0.760914760914761,1.0,,paper/results/flag_improvement_sweep_seed123_branch3_v12ens.csv
4 + multi-v12 disagreement,all,single_failure_head_ranked_against_cell_f060,basal_f060,0.95,rf,numeric_only,0.2708333333333333,0.9285714285714286,144,39,105,3,42,0.7754677754677755,1.0,,paper/results/flag_improvement_sweep_seed123_branch3_v12ens.csv
4 + multi-v12 disagreement,all,two_stage_max_failure_heads,cell_f060+axon_f050+basal_f060+apical_f050,0.95,two_stage,max_validation_percentile,0.2932330827067669,0.9285714285714286,133,39,94,3,42,0.7983367983367984,1.0,,paper/results/flag_improvement_sweep_seed123_branch3_v12ens.csv
4 + multi-v12 disagreement,all,two_stage_max_failure_heads,cell_f060+axon_f050+basal_f060+apical_f050,0.95,two_stage,max_validation_percentile,0.2564102564102564,0.9523809523809524,156,40,116,2,42,0.7546777546777547,1.0,,paper/results/flag_improvement_sweep_seed123_branch3_v12ens.csv
4 + multi-v12 disagreement,interneuron,single_cell_f060,cell_f060,0.5,extra_trees,full,1.0,0.2857142857142857,2,2,0,5,7,0.9621212121212122,1.0,,paper/results/flag_improvement_sweep_seed123_branch3_v12ens.csv
4 + multi-v12 disagreement,interneuron,single_cell_f060,cell_f060,0.5,extra_trees,no_lab,1.0,0.1428571428571428,1,1,0,6,7,0.9545454545454546,1.0,,paper/results/flag_improvement_sweep_seed123_branch3_v12ens.csv
4 + multi-v12 disagreement,interneuron,single_failure_head_ranked_against_cell_f060,axon_f050,0.5,extra_trees,full,0.5,0.1428571428571428,2,1,1,6,7,0.946969696969697,1.0,,paper/results/flag_improvement_sweep_seed123_branch3_v12ens.csv
4 + multi-v12 disagreement,interneuron,single_failure_head_ranked_against_cell_f060,axon_f050,0.5,extra_trees,full,1.0,0.1428571428571428,1,1,0,6,7,0.9545454545454546,1.0,,paper/results/flag_improvement_sweep_seed123_branch3_v12ens.csv
4 + multi-v12 disagreement,interneuron,single_failure_head_ranked_against_cell_f060,basal_f060,0.5,extra_trees,full,0.5,0.2857142857142857,4,2,2,5,7,0.946969696969697,1.0,,paper/results/flag_improvement_sweep_seed123_branch3_v12ens.csv
4 + multi-v12 disagreement,interneuron,single_failure_head_ranked_against_cell_f060,basal_f060,0.5,extra_trees,full,0.5,0.2857142857142857,4,2,2,5,7,0.946969696969697,1.0,,paper/results/flag_improvement_sweep_seed123_branch3_v12ens.csv
4 + multi-v12 disagreement,interneuron,two_stage_max_failure_heads,cell_f060+axon_f050+basal_f060,0.5,two_stage,max_validation_percentile,1.0,0.5714285714285714,4,4,0,3,7,0.9772727272727272,1.0,,paper/results/flag_improvement_sweep_seed123_branch3_v12ens.csv
4 + multi-v12 disagreement,interneuron,two_stage_max_failure_heads,cell_f060+axon_f050+basal_f060,0.5,two_stage,max_validation_percentile,1.0,0.4285714285714285,3,3,0,4,7,0.9696969696969696,1.0,,paper/results/flag_improvement_sweep_seed123_branch3_v12ens.csv
4 + multi-v12 disagreement,interneuron,single_cell_f060,cell_f060,0.7,extra_trees,full,0.6666666666666666,0.2857142857142857,3,2,1,5,7,0.9545454545454546,1.0,,paper/results/flag_improvement_sweep_seed123_branch3_v12ens.csv
4 + multi-v12 disagreement,interneuron,single_cell_f060,cell_f060,0.7,extra_trees,no_lab,0.6666666666666666,0.2857142857142857,3,2,1,5,7,0.9545454545454546,1.0,,paper/results/flag_improvement_sweep_seed123_branch3_v12ens.csv
4 + multi-v12 disagreement,interneuron,single_failure_head_ranked_against_cell_f060,axon_f050,0.7,extra_trees,full,0.5,0.1428571428571428,2,1,1,6,7,0.946969696969697,1.0,,paper/results/flag_improvement_sweep_seed123_branch3_v12ens.csv
4 + multi-v12 disagreement,interneuron,single_failure_head_ranked_against_cell_f060,axon_f050,0.7,extra_trees,full,1.0,0.1428571428571428,1,1,0,6,7,0.9545454545454546,1.0,,paper/results/flag_improvement_sweep_seed123_branch3_v12ens.csv
4 + multi-v12 disagreement,interneuron,single_failure_head_ranked_against_cell_f060,basal_f060,0.7,hgb,full,0.2352941176470588,0.5714285714285714,17,4,13,3,7,0.8787878787878788,1.0,,paper/results/flag_improvement_sweep_seed123_branch3_v12ens.csv
4 + multi-v12 disagreement,interneuron,single_failure_head_ranked_against_cell_f060,basal_f060,0.7,hgb,full,0.3076923076923077,0.5714285714285714,13,4,9,3,7,0.9090909090909092,1.0,,paper/results/flag_improvement_sweep_seed123_branch3_v12ens.csv
4 + multi-v12 disagreement,interneuron,two_stage_max_failure_heads,cell_f060+axon_f050+basal_f060,0.7,two_stage,max_validation_percentile,1.0,0.5714285714285714,4,4,0,3,7,0.9772727272727272,1.0,,paper/results/flag_improvement_sweep_seed123_branch3_v12ens.csv
4 + multi-v12 disagreement,interneuron,two_stage_max_failure_heads,cell_f060+axon_f050+basal_f060,0.7,two_stage,max_validation_percentile,0.75,0.4285714285714285,4,3,1,4,7,0.9621212121212122,1.0,,paper/results/flag_improvement_sweep_seed123_branch3_v12ens.csv
4 + multi-v12 disagreement,interneuron,single_cell_f060,cell_f060,0.8,extra_trees,full,0.5,0.4285714285714285,6,3,3,4,7,0.946969696969697,1.0,paper/models/flag_improvement_sweep_seed123_branch3_v12ens/interneuron_xmodel_cell_f060_r080.joblib,paper/results/flag_improvement_sweep_seed123_branch3_v12ens.csv
4 + multi-v12 disagreement,interneuron,single_cell_f060,cell_f060,0.8,extra_trees,no_lab,0.5,0.4285714285714285,6,3,3,4,7,0.946969696969697,1.0,paper/models/flag_improvement_sweep_seed123_branch3_v12ens/interneuron_xmodel_sanity_cell_f060_r080.joblib,paper/results/flag_improvement_sweep_seed123_branch3_v12ens.csv
4 + multi-v12 disagreement,interneuron,single_failure_head_ranked_against_cell_f060,axon_f050,0.8,extra_trees,full,0.5714285714285714,0.5714285714285714,7,4,3,3,7,0.9545454545454546,1.0,,paper/results/flag_improvement_sweep_seed123_branch3_v12ens.csv
4 + multi-v12 disagreement,interneuron,single_failure_head_ranked_against_cell_f060,axon_f050,0.8,extra_trees,full,0.5,0.2857142857142857,4,2,2,5,7,0.946969696969697,1.0,,paper/results/flag_improvement_sweep_seed123_branch3_v12ens.csv
4 + multi-v12 disagreement,interneuron,single_failure_head_ranked_against_cell_f060,basal_f060,0.8,gb,no_lab,0.25,0.7142857142857143,20,5,15,2,7,0.8712121212121212,1.0,,paper/results/flag_improvement_sweep_seed123_branch3_v12ens.csv
4 + multi-v12 disagreement,interneuron,single_failure_head_ranked_against_cell_f060,basal_f060,0.8,gb,numeric_only,0.25,0.7142857142857143,20,5,15,2,7,0.8712121212121212,1.0,,paper/results/flag_improvement_sweep_seed123_branch3_v12ens.csv
4 + multi-v12 disagreement,interneuron,two_stage_max_failure_heads,cell_f060+axon_f050+basal_f060,0.8,two_stage,max_validation_percentile,0.5714285714285714,0.5714285714285714,7,4,3,3,7,0.9545454545454546,1.0,,paper/results/flag_improvement_sweep_seed123_branch3_v12ens.csv
4 + multi-v12 disagreement,interneuron,two_stage_max_failure_heads,cell_f060+axon_f050+basal_f060,0.8,two_stage,max_validation_percentile,0.6,0.4285714285714285,5,3,2,4,7,0.9545454545454546,1.0,,paper/results/flag_improvement_sweep_seed123_branch3_v12ens.csv
4 + multi-v12 disagreement,interneuron,single_cell_f060,cell_f060,0.9,extra_trees,full,0.5714285714285714,0.5714285714285714,7,4,3,3,7,0.9545454545454546,1.0,,paper/results/flag_improvement_sweep_seed123_branch3_v12ens.csv
4 + multi-v12 disagreement,interneuron,single_cell_f060,cell_f060,0.9,extra_trees,no_lab,0.5,0.4285714285714285,6,3,3,4,7,0.946969696969697,1.0,,paper/results/flag_improvement_sweep_seed123_branch3_v12ens.csv
4 + multi-v12 disagreement,interneuron,single_failure_head_ranked_against_cell_f060,axon_f050,0.9,rf,full,0.6,0.8571428571428571,10,6,4,1,7,0.9621212121212122,1.0,,paper/results/flag_improvement_sweep_seed123_branch3_v12ens.csv
4 + multi-v12 disagreement,interneuron,single_failure_head_ranked_against_cell_f060,axon_f050,0.9,rf,full,0.6,0.8571428571428571,10,6,4,1,7,0.9621212121212122,1.0,,paper/results/flag_improvement_sweep_seed123_branch3_v12ens.csv
4 + multi-v12 disagreement,interneuron,single_failure_head_ranked_against_cell_f060,basal_f060,0.9,gb,full,0.2083333333333333,0.7142857142857143,24,5,19,2,7,0.8409090909090909,1.0,,paper/results/flag_improvement_sweep_seed123_branch3_v12ens.csv
4 + multi-v12 disagreement,interneuron,single_failure_head_ranked_against_cell_f060,basal_f060,0.9,gb,full,0.2083333333333333,0.7142857142857143,24,5,19,2,7,0.8409090909090909,1.0,,paper/results/flag_improvement_sweep_seed123_branch3_v12ens.csv
4 + multi-v12 disagreement,interneuron,two_stage_max_failure_heads,cell_f060+axon_f050+basal_f060,0.9,two_stage,max_validation_percentile,0.5714285714285714,0.5714285714285714,7,4,3,3,7,0.9545454545454546,1.0,,paper/results/flag_improvement_sweep_seed123_branch3_v12ens.csv
4 + multi-v12 disagreement,interneuron,two_stage_max_failure_heads,cell_f060+axon_f050+basal_f060,0.9,two_stage,max_validation_percentile,0.6,0.4285714285714285,5,3,2,4,7,0.9545454545454546,1.0,,paper/results/flag_improvement_sweep_seed123_branch3_v12ens.csv
4 + multi-v12 disagreement,interneuron,single_cell_f060,cell_f060,0.95,extra_trees,full,0.5714285714285714,0.5714285714285714,7,4,3,3,7,0.9545454545454546,1.0,,paper/results/flag_improvement_sweep_seed123_branch3_v12ens.csv
4 + multi-v12 disagreement,interneuron,single_cell_f060,cell_f060,0.95,extra_trees,no_lab,0.5,0.4285714285714285,6,3,3,4,7,0.946969696969697,1.0,,paper/results/flag_improvement_sweep_seed123_branch3_v12ens.csv
4 + multi-v12 disagreement,interneuron,single_failure_head_ranked_against_cell_f060,axon_f050,0.95,rf,full,0.6,0.8571428571428571,10,6,4,1,7,0.9621212121212122,1.0,,paper/results/flag_improvement_sweep_seed123_branch3_v12ens.csv
4 + multi-v12 disagreement,interneuron,single_failure_head_ranked_against_cell_f060,axon_f050,0.95,rf,full,0.6,0.8571428571428571,10,6,4,1,7,0.9621212121212122,1.0,,paper/results/flag_improvement_sweep_seed123_branch3_v12ens.csv
4 + multi-v12 disagreement,interneuron,single_failure_head_ranked_against_cell_f060,basal_f060,0.95,gb,full,0.2083333333333333,0.7142857142857143,24,5,19,2,7,0.8409090909090909,1.0,,paper/results/flag_improvement_sweep_seed123_branch3_v12ens.csv
4 + multi-v12 disagreement,interneuron,single_failure_head_ranked_against_cell_f060,basal_f060,0.95,gb,full,0.2083333333333333,0.7142857142857143,24,5,19,2,7,0.8409090909090909,1.0,,paper/results/flag_improvement_sweep_seed123_branch3_v12ens.csv
4 + multi-v12 disagreement,interneuron,two_stage_max_failure_heads,cell_f060+axon_f050+basal_f060,0.95,two_stage,max_validation_percentile,0.5714285714285714,0.5714285714285714,7,4,3,3,7,0.9545454545454546,1.0,,paper/results/flag_improvement_sweep_seed123_branch3_v12ens.csv
4 + multi-v12 disagreement,interneuron,two_stage_max_failure_heads,cell_f060+axon_f050+basal_f060,0.95,two_stage,max_validation_percentile,0.6,0.4285714285714285,5,3,2,4,7,0.9545454545454546,1.0,,paper/results/flag_improvement_sweep_seed123_branch3_v12ens.csv
4 + multi-v12 disagreement,pyramidal,single_cell_f060,cell_f060,0.5,gb,full,1.0,0.2285714285714285,8,8,0,27,35,0.9226361031518624,0.634,,paper/results/flag_improvement_sweep_seed123_branch3_v12ens.csv
4 + multi-v12 disagreement,pyramidal,single_cell_f060,cell_f060,0.5,gb,no_lab,0.9,0.2571428571428571,10,9,1,26,35,0.9226361031518624,0.64702,,paper/results/flag_improvement_sweep_seed123_branch3_v12ens.csv
4 + multi-v12 disagreement,pyramidal,single_failure_head_ranked_against_cell_f060,apical_f050,0.5,hgb,full,0.875,0.4,16,14,2,21,35,0.9340974212034384,0.65798,,paper/results/flag_improvement_sweep_seed123_branch3_v12ens.csv
4 + multi-v12 disagreement,pyramidal,single_failure_head_ranked_against_cell_f060,apical_f050,0.5,hgb,full,0.875,0.4,16,14,2,21,35,0.9340974212034384,0.65798,,paper/results/flag_improvement_sweep_seed123_branch3_v12ens.csv
4 + multi-v12 disagreement,pyramidal,single_failure_head_ranked_against_cell_f060,axon_f050,0.5,hgb,full,0.4545454545454545,0.4285714285714285,33,15,18,20,35,0.8911174785100286,0.7588,,paper/results/flag_improvement_sweep_seed123_branch3_v12ens.csv
4 + multi-v12 disagreement,pyramidal,single_failure_head_ranked_against_cell_f060,axon_f050,0.5,hgb,full,0.4666666666666667,0.4,30,14,16,21,35,0.8939828080229226,0.73788,,paper/results/flag_improvement_sweep_seed123_branch3_v12ens.csv
4 + multi-v12 disagreement,pyramidal,single_failure_head_ranked_against_cell_f060,basal_f060,0.5,gb,full,0.7916666666666666,0.5428571428571428,24,19,5,16,35,0.9398280802292264,0.7439,,paper/results/flag_improvement_sweep_seed123_branch3_v12ens.csv
4 + multi-v12 disagreement,pyramidal,single_failure_head_ranked_against_cell_f060,basal_f060,0.5,gb,full,0.7916666666666666,0.5428571428571428,24,19,5,16,35,0.9398280802292264,0.7439,,paper/results/flag_improvement_sweep_seed123_branch3_v12ens.csv
4 + multi-v12 disagreement,pyramidal,two_stage_max_failure_heads,cell_f060+axon_f050+basal_f060+apical_f050,0.5,two_stage,max_validation_percentile,0.8421052631578947,0.4571428571428571,19,16,3,19,35,0.9369627507163324,0.7316699999999999,,paper/results/flag_improvement_sweep_seed123_branch3_v12ens.csv
4 + multi-v12 disagreement,pyramidal,two_stage_max_failure_heads,cell_f060+axon_f050+basal_f060+apical_f050,0.5,two_stage,max_validation_percentile,0.8421052631578947,0.4571428571428571,19,16,3,19,35,0.9369627507163324,0.7316699999999999,,paper/results/flag_improvement_sweep_seed123_branch3_v12ens.csv
4 + multi-v12 disagreement,pyramidal,single_cell_f060,cell_f060,0.7,gb,numeric_only,0.7241379310344828,0.6,29,21,8,14,35,0.9369627507163324,0.8029800000000001,,paper/results/flag_improvement_sweep_seed123_branch3_v12ens.csv
4 + multi-v12 disagreement,pyramidal,single_cell_f060,cell_f060,0.7,hgb,full,0.7837837837837838,0.8285714285714286,37,29,8,6,35,0.9598853868194842,0.95382,,paper/results/flag_improvement_sweep_seed123_branch3_v12ens.csv
4 + multi-v12 disagreement,pyramidal,single_failure_head_ranked_against_cell_f060,apical_f050,0.7,hgb,full,0.5454545454545454,0.6857142857142857,44,24,20,11,35,0.9111747851002864,0.88768,,paper/results/flag_improvement_sweep_seed123_branch3_v12ens.csv
4 + multi-v12 disagreement,pyramidal,single_failure_head_ranked_against_cell_f060,apical_f050,0.7,hgb,full,0.5454545454545454,0.6857142857142857,44,24,20,11,35,0.9111747851002864,0.88768,,paper/results/flag_improvement_sweep_seed123_branch3_v12ens.csv
4 + multi-v12 disagreement,pyramidal,single_failure_head_ranked_against_cell_f060,axon_f050,0.7,rf,no_lab,0.3382352941176471,0.6571428571428571,68,23,45,12,35,0.836676217765043,0.9976,,paper/results/flag_improvement_sweep_seed123_branch3_v12ens.csv
4 + multi-v12 disagreement,pyramidal,single_failure_head_ranked_against_cell_f060,axon_f050,0.7,rf,numeric_only,0.3285714285714285,0.6571428571428571,70,23,47,12,35,0.830945558739255,0.99676,,paper/results/flag_improvement_sweep_seed123_branch3_v12ens.csv
4 + multi-v12 disagreement,pyramidal,single_failure_head_ranked_against_cell_f060,basal_f060,0.7,rf,full,0.5625,0.7714285714285715,48,27,21,8,35,0.9169054441260746,0.9085,,paper/results/flag_improvement_sweep_seed123_branch3_v12ens.csv
4 + multi-v12 disagreement,pyramidal,single_failure_head_ranked_against_cell_f060,basal_f060,0.7,rf,no_lab,0.52,0.7428571428571429,50,26,24,9,35,0.9054441260744984,0.94082,,paper/results/flag_improvement_sweep_seed123_branch3_v12ens.csv
4 + multi-v12 disagreement,pyramidal,two_stage_max_failure_heads,cell_f060+axon_f050+basal_f060+apical_f050,0.7,two_stage,max_validation_percentile,0.7931034482758621,0.6571428571428571,29,23,6,12,35,0.9484240687679084,0.87246,,paper/results/flag_improvement_sweep_seed123_branch3_v12ens.csv
4 + multi-v12 disagreement,pyramidal,two_stage_max_failure_heads,cell_f060+axon_f050+basal_f060+apical_f050,0.7,two_stage,max_validation_percentile,0.7931034482758621,0.6571428571428571,29,23,6,12,35,0.9484240687679084,0.87246,,paper/results/flag_improvement_sweep_seed123_branch3_v12ens.csv
4 + multi-v12 disagreement,pyramidal,single_cell_f060,cell_f060,0.8,hgb,full,0.7894736842105263,0.8571428571428571,38,30,8,5,35,0.9627507163323782,0.9738,paper/models/flag_improvement_sweep_seed123_branch3_v12ens/pyramidal_xmodel_cell_f060_r080.joblib,paper/results/flag_improvement_sweep_seed123_branch3_v12ens.csv
4 + multi-v12 disagreement,pyramidal,single_cell_f060,cell_f060,0.8,hgb,full,0.7894736842105263,0.8571428571428571,38,30,8,5,35,0.9627507163323782,0.9738,paper/models/flag_improvement_sweep_seed123_branch3_v12ens/pyramidal_xmodel_sanity_cell_f060_r080.joblib,paper/results/flag_improvement_sweep_seed123_branch3_v12ens.csv
4 + multi-v12 disagreement,pyramidal,single_failure_head_ranked_against_cell_f060,apical_f050,0.8,hgb,no_lab,0.421875,0.7714285714285715,64,27,37,8,35,0.8710601719197708,0.98278,,paper/results/flag_improvement_sweep_seed123_branch3_v12ens.csv
4 + multi-v12 disagreement,pyramidal,single_failure_head_ranked_against_cell_f060,apical_f050,0.8,hgb,no_lab,0.421875,0.7714285714285715,64,27,37,8,35,0.8710601719197708,0.98278,,paper/results/flag_improvement_sweep_seed123_branch3_v12ens.csv
4 + multi-v12 disagreement,pyramidal,single_failure_head_ranked_against_cell_f060,axon_f050,0.8,rf,full,0.2926829268292683,0.6857142857142857,82,24,58,11,35,0.8022922636103151,1.0,,paper/results/flag_improvement_sweep_seed123_branch3_v12ens.csv
4 + multi-v12 disagreement,pyramidal,single_failure_head_ranked_against_cell_f060,axon_f050,0.8,rf,numeric_only,0.3333333333333333,0.7428571428571429,78,26,52,9,35,0.8252148997134671,1.0,,paper/results/flag_improvement_sweep_seed123_branch3_v12ens.csv
4 + multi-v12 disagreement,pyramidal,single_failure_head_ranked_against_cell_f060,basal_f060,0.8,extra_trees,full,0.4918032786885246,0.8571428571428571,61,30,31,5,35,0.8968481375358166,0.9887,,paper/results/flag_improvement_sweep_seed123_branch3_v12ens.csv
4 + multi-v12 disagreement,pyramidal,single_failure_head_ranked_against_cell_f060,basal_f060,0.8,extra_trees,no_lab,0.4677419354838709,0.8285714285714286,62,29,33,6,35,0.8882521489971347,0.9886,,paper/results/flag_improvement_sweep_seed123_branch3_v12ens.csv
4 + multi-v12 disagreement,pyramidal,two_stage_max_failure_heads,cell_f060+axon_f050+basal_f060+apical_f050,0.8,two_stage,max_validation_percentile,0.7741935483870968,0.6857142857142857,31,24,7,11,35,0.9484240687679084,0.9001600000000001,,paper/results/flag_improvement_sweep_seed123_branch3_v12ens.csv
4 + multi-v12 disagreement,pyramidal,two_stage_max_failure_heads,cell_f060+axon_f050+basal_f060+apical_f050,0.8,two_stage,max_validation_percentile,0.7741935483870968,0.6857142857142857,31,24,7,11,35,0.9484240687679084,0.9001600000000001,,paper/results/flag_improvement_sweep_seed123_branch3_v12ens.csv
4 + multi-v12 disagreement,pyramidal,single_cell_f060,cell_f060,0.9,hgb,full,0.7209302325581395,0.8857142857142857,43,31,12,4,35,0.9541547277936964,0.97995,,paper/results/flag_improvement_sweep_seed123_branch3_v12ens.csv
4 + multi-v12 disagreement,pyramidal,single_cell_f060,cell_f060,0.9,hgb,full,0.7209302325581395,0.8857142857142857,43,31,12,4,35,0.9541547277936964,0.97995,,paper/results/flag_improvement_sweep_seed123_branch3_v12ens.csv
4 + multi-v12 disagreement,pyramidal,single_failure_head_ranked_against_cell_f060,apical_f050,0.9,gb,full,0.3604651162790697,0.8857142857142857,86,31,55,4,35,0.830945558739255,0.99362,,paper/results/flag_improvement_sweep_seed123_branch3_v12ens.csv
4 + multi-v12 disagreement,pyramidal,single_failure_head_ranked_against_cell_f060,apical_f050,0.9,gb,full,0.3563218390804598,0.8857142857142857,87,31,56,4,35,0.828080229226361,0.99351,,paper/results/flag_improvement_sweep_seed123_branch3_v12ens.csv
4 + multi-v12 disagreement,pyramidal,single_failure_head_ranked_against_cell_f060,axon_f050,0.9,rf,no_lab,0.2325581395348837,0.8571428571428571,129,30,99,5,35,0.7020057306590258,1.0,,paper/results/flag_improvement_sweep_seed123_branch3_v12ens.csv
4 + multi-v12 disagreement,pyramidal,single_failure_head_ranked_against_cell_f060,axon_f050,0.9,rf,full,0.2108843537414966,0.8857142857142857,147,31,116,4,35,0.6561604584527221,1.0,,paper/results/flag_improvement_sweep_seed123_branch3_v12ens.csv
4 + multi-v12 disagreement,pyramidal,single_failure_head_ranked_against_cell_f060,basal_f060,0.9,extra_trees,numeric_only,0.369047619047619,0.8857142857142857,84,31,53,4,35,0.836676217765043,0.99384,,paper/results/flag_improvement_sweep_seed123_branch3_v12ens.csv
4 + multi-v12 disagreement,pyramidal,single_failure_head_ranked_against_cell_f060,basal_f060,0.9,extra_trees,numeric_only,0.3902439024390244,0.9142857142857144,82,32,50,3,35,0.8481375358166189,0.99612,,paper/results/flag_improvement_sweep_seed123_branch3_v12ens.csv
4 + multi-v12 disagreement,pyramidal,two_stage_max_failure_heads,cell_f060+axon_f050+basal_f060+apical_f050,0.9,two_stage,max_validation_percentile,0.5882352941176471,0.8571428571428571,51,30,21,5,35,0.9255014326647564,0.99149,,paper/results/flag_improvement_sweep_seed123_branch3_v12ens.csv
4 + multi-v12 disagreement,pyramidal,two_stage_max_failure_heads,cell_f060+axon_f050+basal_f060+apical_f050,0.9,two_stage,max_validation_percentile,0.5882352941176471,0.8571428571428571,51,30,21,5,35,0.9255014326647564,0.99149,,paper/results/flag_improvement_sweep_seed123_branch3_v12ens.csv
4 + multi-v12 disagreement,pyramidal,single_cell_f060,cell_f060,0.95,hgb,no_lab,0.2275862068965517,0.9428571428571428,145,33,112,2,35,0.673352435530086,1.0,,paper/results/flag_improvement_sweep_seed123_branch3_v12ens.csv
4 + multi-v12 disagreement,pyramidal,single_cell_f060,cell_f060,0.95,hgb,no_lab,0.2101910828025477,0.9428571428571428,157,33,124,2,35,0.6389684813753582,1.0,,paper/results/flag_improvement_sweep_seed123_branch3_v12ens.csv
4 + multi-v12 disagreement,pyramidal,single_failure_head_ranked_against_cell_f060,apical_f050,0.95,hgb,no_lab,0.2108843537414966,0.8857142857142857,147,31,116,4,35,0.6561604584527221,0.99198,,paper/results/flag_improvement_sweep_seed123_branch3_v12ens.csv
4 + multi-v12 disagreement,pyramidal,single_failure_head_ranked_against_cell_f060,apical_f050,0.95,hgb,no_lab,0.2137931034482758,0.8857142857142857,145,31,114,4,35,0.66189111747851,0.99121,,paper/results/flag_improvement_sweep_seed123_branch3_v12ens.csv
4 + multi-v12 disagreement,pyramidal,single_failure_head_ranked_against_cell_f060,axon_f050,0.95,rf,no_lab,0.2025316455696202,0.9142857142857144,158,32,126,3,35,0.6303724928366762,1.0,,paper/results/flag_improvement_sweep_seed123_branch3_v12ens.csv
4 + multi-v12 disagreement,pyramidal,single_failure_head_ranked_against_cell_f060,axon_f050,0.95,rf,numeric_only,0.2052980132450331,0.8857142857142857,151,31,120,4,35,0.6446991404011462,1.0,,paper/results/flag_improvement_sweep_seed123_branch3_v12ens.csv
4 + multi-v12 disagreement,pyramidal,single_failure_head_ranked_against_cell_f060,basal_f060,0.95,rf,numeric_only,0.3,0.9428571428571428,110,33,77,2,35,0.7736389684813754,1.0,,paper/results/flag_improvement_sweep_seed123_branch3_v12ens.csv
4 + multi-v12 disagreement,pyramidal,single_failure_head_ranked_against_cell_f060,basal_f060,0.95,extra_trees,no_lab,0.3837209302325581,0.9428571428571428,86,33,53,2,35,0.8424068767908309,0.99728,,paper/results/flag_improvement_sweep_seed123_branch3_v12ens.csv
4 + multi-v12 disagreement,pyramidal,two_stage_max_failure_heads,cell_f060+axon_f050+basal_f060+apical_f050,0.95,two_stage,max_validation_percentile,0.2024539877300613,0.9428571428571428,163,33,130,2,35,0.6217765042979942,1.0,,paper/results/flag_improvement_sweep_seed123_branch3_v12ens.csv
4 + multi-v12 disagreement,pyramidal,two_stage_max_failure_heads,cell_f060+axon_f050+basal_f060+apical_f050,0.95,two_stage,max_validation_percentile,0.2024539877300613,0.9428571428571428,163,33,130,2,35,0.6217765042979942,1.0,,paper/results/flag_improvement_sweep_seed123_branch3_v12ens.csv
