experiment,feature_mode,subset,target,n_rows,n_bad,bad_rate,saved_bundle,target_recall,model_name,feature_set,val_precision,val_recall,score_threshold,test_precision,test_recall,test_n_rejected,test_tp,test_fp,test_fn,test_accuracy,test_kept_f1_p10,val_ap,test_ap
single_cell_f060,xmodel,all,cell_f060,2402,211,0.08784346378018318,,0.5,hgb,full,0.875,0.5,0.9403802333965631,0.9411764705882353,0.38095238095238093,17,16,1,26,0.9438669438669439,0.72207,0.7770061265307308,0.7572572456865457
single_cell_f060,xmodel,all,cell_f060,2402,211,0.08784346378018318,,0.7,gb,full,0.7692307692307693,0.7142857142857143,0.39671858673851906,0.8181818181818182,0.6428571428571429,33,27,6,15,0.9563409563409564,0.9131400000000001,0.7421944972331576,0.7546715398211343
single_cell_f060,xmodel,all,cell_f060,2402,211,0.08784346378018318,paper/models/flag_improvement_sweep_seed123_branch3_v12ens/all_xmodel_cell_f060_r080.joblib,0.8,extra_trees,full,0.7083333333333334,0.8095238095238095,0.5080833959367589,0.5714285714285714,0.7619047619047619,56,32,24,10,0.9293139293139293,0.98848,0.7728850589363292,0.7044556842251265
single_cell_f060,xmodel,all,cell_f060,2402,211,0.08784346378018318,,0.9,hgb,no_lab,0.5507246376811594,0.9047619047619048,0.06704516289025811,0.5,0.8333333333333334,70,35,35,7,0.9126819126819127,0.9981,0.7579993522424109,0.7270942269110313
single_cell_f060,xmodel,all,cell_f060,2402,211,0.08784346378018318,,0.95,rf,numeric_only,0.40816326530612246,0.9523809523809523,0.14491692167247092,0.37623762376237624,0.9047619047619048,101,38,63,4,0.8607068607068608,1.0,0.7635321958492822,0.7146114422993287
single_failure_head_ranked_against_cell_f060,xmodel,all,axon_f050,2402,211,0.08784346378018318,,0.5,rf,no_lab,0.6363636363636364,0.5,0.3127796135063785,0.32432432432432434,0.2857142857142857,37,12,25,30,0.8856548856548857,0.76169,0.8748139331676443,0.8002271618638223
single_failure_head_ranked_against_cell_f060,xmodel,all,axon_f050,2402,211,0.08784346378018318,,0.7,rf,full,0.4225352112676056,0.7142857142857143,0.1250238288926902,0.3150684931506849,0.5476190476190477,73,23,50,19,0.8565488565488566,0.99943,0.850573674612153,0.7998487781051578
single_failure_head_ranked_against_cell_f060,xmodel,all,axon_f050,2402,211,0.08784346378018318,,0.8,rf,full,0.37362637362637363,0.8095238095238095,0.07764154191638595,0.31958762886597936,0.7380952380952381,97,31,66,11,0.83991683991684,1.0,0.850573674612153,0.7998487781051578
single_failure_head_ranked_against_cell_f060,xmodel,all,axon_f050,2402,211,0.08784346378018318,,0.9,gb,numeric_only,0.24516129032258063,0.9047619047619048,0.0014842442387851672,0.2222222222222222,0.8571428571428571,162,36,126,6,0.7255717255717256,1.0,0.8323410966140448,0.7451456304744307
single_failure_head_ranked_against_cell_f060,xmodel,all,axon_f050,2402,211,0.08784346378018318,,0.95,hgb,numeric_only,0.182648401826484,0.9523809523809523,0.0001837126466843638,0.17372881355932204,0.9761904761904762,236,41,195,1,0.5925155925155925,1.0,0.8194873030725514,0.7323167523525009
single_failure_head_ranked_against_cell_f060,xmodel,all,basal_f060,2402,211,0.08784346378018318,,0.5,rf,no_lab,0.7777777777777778,0.5,0.3155687885097229,0.6818181818181818,0.35714285714285715,22,15,7,27,0.9293139293139293,0.7333000000000001,0.6949777751314536,0.6146767742848533
single_failure_head_ranked_against_cell_f060,xmodel,all,basal_f060,2402,211,0.08784346378018318,,0.7,extra_trees,full,0.5454545454545454,0.7142857142857143,0.3056183442976899,0.56,0.6666666666666666,50,28,22,14,0.9251559251559252,0.9583,0.6742417706635606,0.5587770767965624
single_failure_head_ranked_against_cell_f060,xmodel,all,basal_f060,2402,211,0.08784346378018318,,0.8,gb,full,0.4594594594594595,0.8095238095238095,0.00847292503016406,0.37777777777777777,0.8095238095238095,90,34,56,8,0.8669438669438669,0.9915,0.6116359875732447,0.4999442437134329
single_failure_head_ranked_against_cell_f060,xmodel,all,basal_f060,2402,211,0.08784346378018318,,0.9,rf,full,0.304,0.9047619047619048,0.06523170894663795,0.2803030303030303,0.8809523809523809,132,37,95,5,0.7920997920997921,1.0,0.6919616067945682,0.6157755480019146
single_failure_head_ranked_against_cell_f060,xmodel,all,basal_f060,2402,211,0.08784346378018318,,0.95,rf,no_lab,0.2962962962962963,0.9523809523809523,0.04873338881483846,0.2550335570469799,0.9047619047619048,149,38,111,4,0.760914760914761,1.0,0.6949777751314536,0.6146767742848533
single_failure_head_ranked_against_cell_f060,xmodel,all,apical_f050,2402,211,0.08784346378018318,,0.5,rf,full,0.6176470588235294,0.5,0.2954861211334141,0.5,0.5,42,21,21,21,0.9126819126819127,0.90164,0.6559096092834059,0.6475808976683253
single_failure_head_ranked_against_cell_f060,xmodel,all,apical_f050,2402,211,0.08784346378018318,,0.7,rf,numeric_only,0.39473684210526316,0.7142857142857143,0.15606428766510677,0.3125,0.5952380952380952,80,25,55,17,0.8503118503118503,0.9738,0.6526749799788191,0.6396702469189709
single_failure_head_ranked_against_cell_f060,xmodel,all,apical_f050,2402,211,0.08784346378018318,,0.8,rf,full,0.38636363636363635,0.8095238095238095,0.1371676619090332,0.32954545454545453,0.6904761904761905,88,29,59,13,0.8503118503118503,0.9856,0.6559096092834059,0.6475808976683253
single_failure_head_ranked_against_cell_f060,xmodel,all,apical_f050,2402,211,0.08784346378018318,,0.9,rf,full,0.2331288343558282,0.9047619047619048,0.05629736549930821,0.24096385542168675,0.9523809523809523,166,40,126,2,0.7338877338877339,1.0,0.6559096092834059,0.6475808976683253
single_failure_head_ranked_against_cell_f060,xmodel,all,apical_f050,2402,211,0.08784346378018318,,0.95,rf,no_lab,0.19704433497536947,0.9523809523809523,0.031578021413875855,0.18779342723004694,0.9523809523809523,213,40,173,2,0.6361746361746362,1.0,0.6689910524419586,0.6451743034585061
two_stage_max_failure_heads,xmodel,all,cell_f060+axon_f050+basal_f060+apical_f050,2402,211,0.08784346378018318,,0.5,two_stage,max_validation_percentile,0.875,0.5,0.9854469854469855,0.7142857142857143,0.47619047619047616,28,20,8,22,0.9376299376299376,0.8775600000000001,,
two_stage_max_failure_heads,xmodel,all,cell_f060+axon_f050+basal_f060+apical_f050,2402,211,0.08784346378018318,,0.7,two_stage,max_validation_percentile,0.7692307692307693,0.7142857142857143,0.9708939708939709,0.627906976744186,0.6428571428571429,43,27,16,15,0.9355509355509356,0.97704,,
two_stage_max_failure_heads,xmodel,all,cell_f060+axon_f050+basal_f060+apical_f050,2402,211,0.08784346378018318,,0.8,two_stage,max_validation_percentile,0.6538461538461539,0.8095238095238095,0.9563409563409564,0.5818181818181818,0.7619047619047619,55,32,23,10,0.9313929313929314,0.9901,,
two_stage_max_failure_heads,xmodel,all,cell_f060+axon_f050+basal_f060+apical_f050,2402,211,0.08784346378018318,,0.9,two_stage,max_validation_percentile,0.5428571428571428,0.9047619047619048,0.9313929313929314,0.41379310344827586,0.8571428571428571,87,36,51,6,0.8814968814968815,1.0,,
two_stage_max_failure_heads,xmodel,all,cell_f060+axon_f050+basal_f060+apical_f050,2402,211,0.08784346378018318,,0.95,two_stage,max_validation_percentile,0.31746031746031744,0.9523809523809523,0.8586278586278586,0.2932330827067669,0.9285714285714286,133,39,94,3,0.7983367983367984,1.0,,
single_cell_f060,xmodel,pyramidal,cell_f060,1745,177,0.101432664756447,,0.5,gb,full,0.9,0.5,0.8705225618787606,1.0,0.22857142857142856,8,8,0,27,0.9226361031518625,0.634,0.7901703688989289,0.7662804888258733
single_cell_f060,xmodel,pyramidal,cell_f060,1745,177,0.101432664756447,,0.7,gb,numeric_only,0.7647058823529411,0.7222222222222222,0.33290400947314547,0.7241379310344828,0.6,29,21,8,14,0.9369627507163324,0.8029800000000001,0.7845700907687725,0.769068187725136
single_cell_f060,xmodel,pyramidal,cell_f060,1745,177,0.101432664756447,paper/models/flag_improvement_sweep_seed123_branch3_v12ens/pyramidal_xmodel_cell_f060_r080.joblib,0.8,hgb,full,0.725,0.8055555555555556,0.3422649617472377,0.7894736842105263,0.8571428571428571,38,30,8,5,0.9627507163323782,0.9738,0.815638672403618,0.8472405220140875
single_cell_f060,xmodel,pyramidal,cell_f060,1745,177,0.101432664756447,,0.9,hgb,full,0.66,0.9166666666666666,0.16501719314267166,0.7209302325581395,0.8857142857142857,43,31,12,4,0.9541547277936963,0.97995,0.815638672403618,0.8472405220140875
single_cell_f060,xmodel,pyramidal,cell_f060,1745,177,0.101432664756447,,0.95,hgb,no_lab,0.21875,0.9722222222222222,0.0006976697483246768,0.22758620689655173,0.9428571428571428,145,33,112,2,0.673352435530086,1.0,0.7997937806853626,0.8104277574338214
single_failure_head_ranked_against_cell_f060,xmodel,pyramidal,axon_f050,1745,177,0.101432664756447,,0.5,hgb,full,0.5,0.5,0.00457019754178376,0.45454545454545453,0.42857142857142855,33,15,18,20,0.8911174785100286,0.7588,0.8990981955007872,0.8553349952421156
single_failure_head_ranked_against_cell_f060,xmodel,pyramidal,axon_f050,1745,177,0.101432664756447,,0.7,rf,no_lab,0.3880597014925373,0.7222222222222222,0.05319310073128456,0.3382352941176471,0.6571428571428571,68,23,45,12,0.836676217765043,0.9976,0.9008108662480144,0.8690314948489076
single_failure_head_ranked_against_cell_f060,xmodel,pyramidal,axon_f050,1745,177,0.101432664756447,,0.8,rf,full,0.32954545454545453,0.8055555555555556,0.03299234790086762,0.2926829268292683,0.6857142857142857,82,24,58,11,0.8022922636103151,1.0,0.8999056493223283,0.8733119898841164
single_failure_head_ranked_against_cell_f060,xmodel,pyramidal,axon_f050,1745,177,0.101432664756447,,0.9,rf,no_lab,0.22602739726027396,0.9166666666666666,0.007995737705411681,0.23255813953488372,0.8571428571428571,129,30,99,5,0.7020057306590258,1.0,0.9008108662480144,0.8690314948489076
single_failure_head_ranked_against_cell_f060,xmodel,pyramidal,axon_f050,1745,177,0.101432664756447,,0.95,rf,no_lab,0.22012578616352202,0.9722222222222222,0.003787232789372149,0.20253164556962025,0.9142857142857143,158,32,126,3,0.6303724928366762,1.0,0.9008108662480144,0.8690314948489076
single_failure_head_ranked_against_cell_f060,xmodel,pyramidal,basal_f060,1745,177,0.101432664756447,,0.5,gb,full,0.72,0.5,0.07700377312904597,0.7916666666666666,0.5428571428571428,24,19,5,16,0.9398280802292264,0.7439,0.4993854681628804,0.3680821927338666
single_failure_head_ranked_against_cell_f060,xmodel,pyramidal,basal_f060,1745,177,0.101432664756447,,0.7,rf,full,0.5098039215686274,0.7222222222222222,0.11586185039401968,0.5625,0.7714285714285715,48,27,21,8,0.9169054441260746,0.9085,0.582100787705013,0.5236841982300672
single_failure_head_ranked_against_cell_f060,xmodel,pyramidal,basal_f060,1745,177,0.101432664756447,,0.8,extra_trees,full,0.46774193548387094,0.8055555555555556,0.18278106582107564,0.4918032786885246,0.8571428571428571,61,30,31,5,0.8968481375358166,0.9887,0.537011923513618,0.5370218349106117
single_failure_head_ranked_against_cell_f060,xmodel,pyramidal,basal_f060,1745,177,0.101432664756447,,0.9,extra_trees,numeric_only,0.375,0.9166666666666666,0.09644940979334911,0.36904761904761907,0.8857142857142857,84,31,53,4,0.836676217765043,0.99384,0.5300702565408447,0.521210883200787
single_failure_head_ranked_against_cell_f060,xmodel,pyramidal,basal_f060,1745,177,0.101432664756447,,0.95,rf,numeric_only,0.28,0.9722222222222222,0.02673437141764554,0.3,0.9428571428571428,110,33,77,2,0.7736389684813754,1.0,0.5506705096953706,0.5439644983817915
single_failure_head_ranked_against_cell_f060,xmodel,pyramidal,apical_f050,1745,177,0.101432664756447,,0.5,hgb,full,0.9473684210526315,0.5,0.9195698191616648,0.875,0.4,16,14,2,21,0.9340974212034384,0.65798,0.8345218976974572,0.7924954520679729
single_failure_head_ranked_against_cell_f060,xmodel,pyramidal,apical_f050,1745,177,0.101432664756447,,0.7,hgb,full,0.5777777777777777,0.7222222222222222,0.01804776490478136,0.5454545454545454,0.6857142857142857,44,24,20,11,0.9111747851002865,0.88768,0.8345218976974572,0.7924954520679729
single_failure_head_ranked_against_cell_f060,xmodel,pyramidal,apical_f050,1745,177,0.101432664756447,,0.8,hgb,no_lab,0.4603174603174603,0.8055555555555556,0.00464763990334091,0.421875,0.7714285714285715,64,27,37,8,0.8710601719197708,0.98278,0.8188659626675308,0.7677435755947729
single_failure_head_ranked_against_cell_f060,xmodel,pyramidal,apical_f050,1745,177,0.101432664756447,,0.9,gb,full,0.3548387096774194,0.9166666666666666,0.006670845846729518,0.36046511627906974,0.8857142857142857,86,31,55,4,0.830945558739255,0.99362,0.752864788932581,0.7028889614434801
single_failure_head_ranked_against_cell_f060,xmodel,pyramidal,apical_f050,1745,177,0.101432664756447,,0.95,hgb,no_lab,0.22727272727272727,0.9722222222222222,0.0006352601061829127,0.2108843537414966,0.8857142857142857,147,31,116,4,0.6561604584527221,0.9919800000000001,0.8188659626675308,0.7677435755947729
two_stage_max_failure_heads,xmodel,pyramidal,cell_f060+axon_f050+basal_f060+apical_f050,1745,177,0.101432664756447,,0.5,two_stage,max_validation_percentile,0.8181818181818182,0.5,0.9828080229226361,0.8421052631578947,0.45714285714285713,19,16,3,19,0.9369627507163324,0.7316699999999999,,
two_stage_max_failure_heads,xmodel,pyramidal,cell_f060+axon_f050+basal_f060+apical_f050,1745,177,0.101432664756447,,0.7,two_stage,max_validation_percentile,0.7428571428571429,0.7222222222222222,0.9684813753581661,0.7931034482758621,0.6571428571428571,29,23,6,12,0.9484240687679083,0.87246,,
two_stage_max_failure_heads,xmodel,pyramidal,cell_f060+axon_f050+basal_f060+apical_f050,1745,177,0.101432664756447,,0.8,two_stage,max_validation_percentile,0.725,0.8055555555555556,0.9598853868194842,0.7741935483870968,0.6857142857142857,31,24,7,11,0.9484240687679083,0.9001600000000001,,
two_stage_max_failure_heads,xmodel,pyramidal,cell_f060+axon_f050+basal_f060+apical_f050,1745,177,0.101432664756447,,0.9,two_stage,max_validation_percentile,0.5689655172413793,0.9166666666666666,0.9255014326647565,0.5882352941176471,0.8571428571428571,51,30,21,5,0.9255014326647565,0.99149,,
two_stage_max_failure_heads,xmodel,pyramidal,cell_f060+axon_f050+basal_f060+apical_f050,1745,177,0.101432664756447,,0.95,two_stage,max_validation_percentile,0.2046783625730994,0.9722222222222222,0.7306590257879656,0.20245398773006135,0.9428571428571428,163,33,130,2,0.6217765042979942,1.0,,
single_cell_f060,xmodel,interneuron,cell_f060,657,34,0.0517503805175038,,0.5,extra_trees,full,1.0,0.5714285714285714,0.6188816401114428,1.0,0.2857142857142857,2,2,0,5,0.9621212121212122,1.0,1.0,0.5965580261955528
single_cell_f060,xmodel,interneuron,cell_f060,657,34,0.0517503805175038,,0.7,extra_trees,full,1.0,0.7142857142857143,0.5296119087069231,0.6666666666666666,0.2857142857142857,3,2,1,5,0.9545454545454546,1.0,1.0,0.5965580261955528
single_cell_f060,xmodel,interneuron,cell_f060,657,34,0.0517503805175038,paper/models/flag_improvement_sweep_seed123_branch3_v12ens/interneuron_xmodel_cell_f060_r080.joblib,0.8,extra_trees,full,1.0,0.8571428571428571,0.4759058519842206,0.5,0.42857142857142855,6,3,3,4,0.946969696969697,1.0,1.0,0.5965580261955528
single_cell_f060,xmodel,interneuron,cell_f060,657,34,0.0517503805175038,,0.9,extra_trees,full,1.0,1.0,0.4475184231106107,0.5714285714285714,0.5714285714285714,7,4,3,3,0.9545454545454546,1.0,1.0,0.5965580261955528
single_cell_f060,xmodel,interneuron,cell_f060,657,34,0.0517503805175038,,0.95,extra_trees,full,1.0,1.0,0.4475184231106107,0.5714285714285714,0.5714285714285714,7,4,3,3,0.9545454545454546,1.0,1.0,0.5965580261955528
single_failure_head_ranked_against_cell_f060,xmodel,interneuron,axon_f050,657,34,0.0517503805175038,,0.5,extra_trees,full,1.0,0.5714285714285714,0.45054608388501705,0.5,0.14285714285714285,2,1,1,6,0.946969696969697,1.0,1.0,0.5909090909090909
single_failure_head_ranked_against_cell_f060,xmodel,interneuron,axon_f050,657,34,0.0517503805175038,,0.7,extra_trees,full,1.0,0.7142857142857143,0.4144064977692522,0.5,0.14285714285714285,2,1,1,6,0.946969696969697,1.0,1.0,0.5909090909090909
single_failure_head_ranked_against_cell_f060,xmodel,interneuron,axon_f050,657,34,0.0517503805175038,,0.8,extra_trees,full,1.0,0.8571428571428571,0.2769704561918579,0.5714285714285714,0.5714285714285714,7,4,3,3,0.9545454545454546,1.0,1.0,0.5909090909090909
single_failure_head_ranked_against_cell_f060,xmodel,interneuron,axon_f050,657,34,0.0517503805175038,,0.9,rf,full,0.875,1.0,0.14624773769149169,0.6,0.8571428571428571,10,6,4,1,0.9621212121212122,1.0,0.95,0.875
single_failure_head_ranked_against_cell_f060,xmodel,interneuron,axon_f050,657,34,0.0517503805175038,,0.95,rf,full,0.875,1.0,0.14624773769149169,0.6,0.8571428571428571,10,6,4,1,0.9621212121212122,1.0,0.95,0.875
single_failure_head_ranked_against_cell_f060,xmodel,interneuron,basal_f060,657,34,0.0517503805175038,,0.5,extra_trees,full,1.0,0.5714285714285714,0.47822838123991745,0.5,0.2857142857142857,4,2,2,5,0.946969696969697,1.0,0.8133333333333334,1.0
single_failure_head_ranked_against_cell_f060,xmodel,interneuron,basal_f060,657,34,0.0517503805175038,,0.7,hgb,full,0.625,0.7142857142857143,0.013498221190964263,0.23529411764705882,0.5714285714285714,17,4,13,3,0.8787878787878788,1.0,0.7095238095238096,1.0
single_failure_head_ranked_against_cell_f060,xmodel,interneuron,basal_f060,657,34,0.0517503805175038,,0.8,gb,no_lab,0.5,0.8571428571428571,0.0013158006593991087,0.25,0.7142857142857143,20,5,15,2,0.8712121212121212,1.0,0.6520202020202019,0.5
single_failure_head_ranked_against_cell_f060,xmodel,interneuron,basal_f060,657,34,0.0517503805175038,,0.9,gb,full,0.4375,1.0,0.000611658053575295,0.20833333333333334,0.7142857142857143,24,5,19,2,0.8409090909090909,1.0,0.6575757575757576,0.5
single_failure_head_ranked_against_cell_f060,xmodel,interneuron,basal_f060,657,34,0.0517503805175038,,0.95,gb,full,0.4375,1.0,0.000611658053575295,0.20833333333333334,0.7142857142857143,24,5,19,2,0.8409090909090909,1.0,0.6575757575757576,0.5
two_stage_max_failure_heads,xmodel,interneuron,cell_f060+axon_f050+basal_f060,657,34,0.0517503805175038,,0.5,two_stage,max_validation_percentile,1.0,0.5714285714285714,0.9924242424242424,1.0,0.5714285714285714,4,4,0,3,0.9772727272727273,1.0,,
two_stage_max_failure_heads,xmodel,interneuron,cell_f060+axon_f050+basal_f060,657,34,0.0517503805175038,,0.7,two_stage,max_validation_percentile,1.0,0.7142857142857143,0.9848484848484849,1.0,0.5714285714285714,4,4,0,3,0.9772727272727273,1.0,,
two_stage_max_failure_heads,xmodel,interneuron,cell_f060+axon_f050+basal_f060,657,34,0.0517503805175038,,0.8,two_stage,max_validation_percentile,1.0,1.0,0.9772727272727273,0.5714285714285714,0.5714285714285714,7,4,3,3,0.9545454545454546,1.0,,
two_stage_max_failure_heads,xmodel,interneuron,cell_f060+axon_f050+basal_f060,657,34,0.0517503805175038,,0.9,two_stage,max_validation_percentile,1.0,1.0,0.9772727272727273,0.5714285714285714,0.5714285714285714,7,4,3,3,0.9545454545454546,1.0,,
two_stage_max_failure_heads,xmodel,interneuron,cell_f060+axon_f050+basal_f060,657,34,0.0517503805175038,,0.95,two_stage,max_validation_percentile,1.0,1.0,0.9772727272727273,0.5714285714285714,0.5714285714285714,7,4,3,3,0.9545454545454546,1.0,,
single_cell_f060,xmodel_sanity,all,cell_f060,2402,211,0.08784346378018318,,0.5,hgb,full,0.84,0.5,0.9136087192120504,0.8421052631578947,0.38095238095238093,19,16,3,26,0.9397089397089398,0.7277,0.7872733671252772,0.7535113637190144
single_cell_f060,xmodel_sanity,all,cell_f060,2402,211,0.08784346378018318,,0.7,extra_trees,numeric_only,0.75,0.7142857142857143,0.5453802325963581,0.6444444444444445,0.6904761904761905,45,29,16,13,0.9397089397089398,0.975,0.782362205236786,0.7062995450217596
single_cell_f060,xmodel_sanity,all,cell_f060,2402,211,0.08784346378018318,paper/models/flag_improvement_sweep_seed123_branch3_v12ens/all_xmodel_sanity_cell_f060_r080.joblib,0.8,hgb,numeric_only,0.7083333333333334,0.8095238095238095,0.2657071176500888,0.6274509803921569,0.7619047619047619,51,32,19,10,0.9397089397089398,0.9856,0.7843698628905208,0.7528069752583801
single_cell_f060,xmodel_sanity,all,cell_f060,2402,211,0.08784346378018318,,0.9,extra_trees,full,0.5757575757575758,0.9047619047619048,0.388774164180352,0.5142857142857142,0.8571428571428571,70,36,34,6,0.9168399168399168,0.9981,0.7757895860103935,0.7032398857955805
single_cell_f060,xmodel_sanity,all,cell_f060,2402,211,0.08784346378018318,,0.95,rf,numeric_only,0.43010752688172044,0.9523809523809523,0.15143383318672488,0.39361702127659576,0.8809523809523809,94,37,57,5,0.8711018711018711,1.0,0.7851622459716399,0.7173786367794543
single_failure_head_ranked_against_cell_f060,xmodel_sanity,all,axon_f050,2402,211,0.08784346378018318,,0.5,rf,no_lab,0.6363636363636364,0.5,0.3142989407382807,0.32432432432432434,0.2857142857142857,37,12,25,30,0.8856548856548857,0.76169,0.8685022981095278,0.8037449691412626
single_failure_head_ranked_against_cell_f060,xmodel_sanity,all,axon_f050,2402,211,0.08784346378018318,,0.7,rf,full,0.410958904109589,0.7142857142857143,0.10701154146635405,0.31645569620253167,0.5952380952380952,79,25,54,17,0.8523908523908524,1.0,0.8698307760459599,0.8095632490723806
single_failure_head_ranked_against_cell_f060,xmodel_sanity,all,axon_f050,2402,211,0.08784346378018318,,0.8,rf,full,0.37362637362637363,0.8095238095238095,0.06597325179317032,0.3137254901960784,0.7619047619047619,102,32,70,10,0.8336798336798337,1.0,0.8698307760459599,0.8095632490723806
single_failure_head_ranked_against_cell_f060,xmodel_sanity,all,axon_f050,2402,211,0.08784346378018318,,0.9,gb,numeric_only,0.24358974358974358,0.9047619047619048,0.0014842442387851672,0.2222222222222222,0.8571428571428571,162,36,126,6,0.7255717255717256,1.0,0.8328690505384817,0.7439276894570382
single_failure_head_ranked_against_cell_f060,xmodel_sanity,all,axon_f050,2402,211,0.08784346378018318,,0.95,rf,no_lab,0.18691588785046728,0.9523809523809523,0.005259856097086324,0.1735159817351598,0.9047619047619048,219,38,181,4,0.6153846153846154,1.0,0.8685022981095278,0.8037449691412626
single_failure_head_ranked_against_cell_f060,xmodel_sanity,all,basal_f060,2402,211,0.08784346378018318,,0.5,rf,no_lab,0.7777777777777778,0.5,0.29015035355213536,0.6071428571428571,0.40476190476190477,28,17,11,25,0.9251559251559252,0.75536,0.7048965258342292,0.6066308552338388
single_failure_head_ranked_against_cell_f060,xmodel_sanity,all,basal_f060,2402,211,0.08784346378018318,,0.7,extra_trees,full,0.5882352941176471,0.7142857142857143,0.30259397883597255,0.6222222222222222,0.6666666666666666,45,28,17,14,0.9355509355509356,0.97075,0.7147285332972237,0.5644640889601517
single_failure_head_ranked_against_cell_f060,xmodel_sanity,all,basal_f060,2402,211,0.08784346378018318,,0.8,gb,no_lab,0.4594594594594595,0.8095238095238095,0.00847292503016406,0.37777777777777777,0.8095238095238095,90,34,56,8,0.8669438669438669,0.9915,0.6110033515713029,0.496942798030391
single_failure_head_ranked_against_cell_f060,xmodel_sanity,all,basal_f060,2402,211,0.08784346378018318,,0.9,rf,no_lab,0.3333333333333333,0.9047619047619048,0.07356405347231836,0.3130434782608696,0.8571428571428571,115,36,79,6,0.8232848232848233,0.99905,0.7048965258342292,0.6066308552338388
single_failure_head_ranked_against_cell_f060,xmodel_sanity,all,basal_f060,2402,211,0.08784346378018318,,0.95,rf,numeric_only,0.3007518796992481,0.9523809523809523,0.05321841383065016,0.2708333333333333,0.9285714285714286,144,39,105,3,0.7754677754677755,1.0,0.704228262978263,0.611179606070305
single_failure_head_ranked_against_cell_f060,xmodel_sanity,all,apical_f050,2402,211,0.08784346378018318,,0.5,rf,full,0.5384615384615384,0.5,0.23574701864860867,0.45652173913043476,0.5,46,21,25,21,0.9043659043659044,0.90052,0.6683539641041114,0.657372417740157
single_failure_head_ranked_against_cell_f060,xmodel_sanity,all,apical_f050,2402,211,0.08784346378018318,,0.7,rf,full,0.4411764705882353,0.7142857142857143,0.1597713423375693,0.38028169014084506,0.6428571428571429,71,27,44,15,0.8773388773388774,0.9759599999999999,0.6683539641041114,0.657372417740157
single_failure_head_ranked_against_cell_f060,xmodel_sanity,all,apical_f050,2402,211,0.08784346378018318,,0.8,rf,full,0.35789473684210527,0.8095238095238095,0.11754377379456392,0.34408602150537637,0.7619047619047619,93,32,61,10,0.8523908523908524,0.98623,0.6683539641041114,0.657372417740157
single_failure_head_ranked_against_cell_f060,xmodel_sanity,all,apical_f050,2402,211,0.08784346378018318,,0.9,hgb,no_lab,0.23170731707317074,0.9047619047619048,0.001279975173004644,0.21764705882352942,0.8809523809523809,170,37,133,5,0.7130977130977131,0.9957,0.715081229696585,0.7105225402110159
single_failure_head_ranked_against_cell_f060,xmodel_sanity,all,apical_f050,2402,211,0.08784346378018318,,0.95,rf,no_lab,0.20618556701030927,0.9523809523809523,0.033529066358215384,0.1951219512195122,0.9523809523809523,205,40,165,2,0.6528066528066528,1.0,0.6766318778210212,0.6610341066243197
two_stage_max_failure_heads,xmodel_sanity,all,cell_f060+axon_f050+basal_f060+apical_f050,2402,211,0.08784346378018318,,0.5,two_stage,max_validation_percentile,0.84,0.5,0.9833679833679834,0.6896551724137931,0.47619047619047616,29,20,9,22,0.9355509355509356,0.89968,,
two_stage_max_failure_heads,xmodel_sanity,all,cell_f060+axon_f050+basal_f060+apical_f050,2402,211,0.08784346378018318,,0.7,two_stage,max_validation_percentile,0.6976744186046512,0.7142857142857143,0.9646569646569647,0.5714285714285714,0.6666666666666666,49,28,21,14,0.9272349272349273,0.9856900000000001,,
two_stage_max_failure_heads,xmodel_sanity,all,cell_f060+axon_f050+basal_f060+apical_f050,2402,211,0.08784346378018318,,0.8,two_stage,max_validation_percentile,0.6140350877192983,0.8333333333333334,0.9501039501039501,0.5384615384615384,0.8333333333333334,65,35,30,7,0.9230769230769231,0.99325,,
two_stage_max_failure_heads,xmodel_sanity,all,cell_f060+axon_f050+basal_f060+apical_f050,2402,211,0.08784346378018318,,0.9,two_stage,max_validation_percentile,0.4691358024691358,0.9047619047619048,0.920997920997921,0.41379310344827586,0.8571428571428571,87,36,51,6,0.8814968814968815,1.0,,
two_stage_max_failure_heads,xmodel_sanity,all,cell_f060+axon_f050+basal_f060+apical_f050,2402,211,0.08784346378018318,,0.95,two_stage,max_validation_percentile,0.2777777777777778,0.9523809523809523,0.8357588357588358,0.2564102564102564,0.9523809523809523,156,40,116,2,0.7546777546777547,1.0,,
single_cell_f060,xmodel_sanity,pyramidal,cell_f060,1745,177,0.101432664756447,,0.5,gb,no_lab,0.9,0.5,0.8509417095656145,0.9,0.2571428571428571,10,9,1,26,0.9226361031518625,0.64702,0.7905693941293569,0.7629373539976314
single_cell_f060,xmodel_sanity,pyramidal,cell_f060,1745,177,0.101432664756447,,0.7,hgb,full,0.7428571428571429,0.7222222222222222,0.41630286180083814,0.7837837837837838,0.8285714285714286,37,29,8,6,0.9598853868194842,0.95382,0.815638672403618,0.8472405220140875
single_cell_f060,xmodel_sanity,pyramidal,cell_f060,1745,177,0.101432664756447,paper/models/flag_improvement_sweep_seed123_branch3_v12ens/pyramidal_xmodel_sanity_cell_f060_r080.joblib,0.8,hgb,full,0.725,0.8055555555555556,0.3422649617472377,0.7894736842105263,0.8571428571428571,38,30,8,5,0.9627507163323782,0.9738,0.815638672403618,0.8472405220140875
single_cell_f060,xmodel_sanity,pyramidal,cell_f060,1745,177,0.101432664756447,,0.9,hgb,full,0.66,0.9166666666666666,0.16501719314267166,0.7209302325581395,0.8857142857142857,43,31,12,4,0.9541547277936963,0.97995,0.815638672403618,0.8472405220140875
single_cell_f060,xmodel_sanity,pyramidal,cell_f060,1745,177,0.101432664756447,,0.95,hgb,no_lab,0.21084337349397592,0.9722222222222222,0.0005650748287253431,0.21019108280254778,0.9428571428571428,157,33,124,2,0.6389684813753582,1.0,0.7959004064511279,0.8113224719783373
single_failure_head_ranked_against_cell_f060,xmodel_sanity,pyramidal,axon_f050,1745,177,0.101432664756447,,0.5,hgb,full,0.5,0.5,0.005908069824227104,0.4666666666666667,0.4,30,14,16,21,0.8939828080229226,0.73788,0.8932609431243992,0.8514096976003336
single_failure_head_ranked_against_cell_f060,xmodel_sanity,pyramidal,axon_f050,1745,177,0.101432664756447,,0.7,rf,numeric_only,0.37681159420289856,0.7222222222222222,0.04423183495789238,0.32857142857142857,0.6571428571428571,70,23,47,12,0.830945558739255,0.99676,0.9014089008277276,0.8723579742976781
single_failure_head_ranked_against_cell_f060,xmodel_sanity,pyramidal,axon_f050,1745,177,0.101432664756447,,0.8,rf,numeric_only,0.34523809523809523,0.8055555555555556,0.02976419830950515,0.3333333333333333,0.7428571428571429,78,26,52,9,0.8252148997134671,1.0,0.9014089008277276,0.8723579742976781
single_failure_head_ranked_against_cell_f060,xmodel_sanity,pyramidal,axon_f050,1745,177,0.101432664756447,,0.9,rf,full,0.21428571428571427,0.9166666666666666,0.005001858660623281,0.2108843537414966,0.8857142857142857,147,31,116,4,0.6561604584527221,1.0,0.892639560486231,0.871082215432654
single_failure_head_ranked_against_cell_f060,xmodel_sanity,pyramidal,axon_f050,1745,177,0.101432664756447,,0.95,rf,numeric_only,0.21341463414634146,0.9722222222222222,0.003582674981238537,0.2052980132450331,0.8857142857142857,151,31,120,4,0.6446991404011462,1.0,0.9014089008277276,0.8723579742976781
single_failure_head_ranked_against_cell_f060,xmodel_sanity,pyramidal,basal_f060,1745,177,0.101432664756447,,0.5,gb,full,0.72,0.5,0.0758023648076618,0.7916666666666666,0.5428571428571428,24,19,5,16,0.9398280802292264,0.7439,0.4745106720302787,0.3763239509756248
single_failure_head_ranked_against_cell_f060,xmodel_sanity,pyramidal,basal_f060,1745,177,0.101432664756447,,0.7,rf,no_lab,0.4727272727272727,0.7222222222222222,0.11131080797357108,0.52,0.7428571428571429,50,26,24,9,0.9054441260744985,0.94082,0.604702680451419,0.5601314930973047
single_failure_head_ranked_against_cell_f060,xmodel_sanity,pyramidal,basal_f060,1745,177,0.101432664756447,,0.8,extra_trees,no_lab,0.4603174603174603,0.8055555555555556,0.15610266504650108,0.46774193548387094,0.8285714285714286,62,29,33,6,0.8882521489971347,0.9886,0.5332749899342064,0.5196714190985617
single_failure_head_ranked_against_cell_f060,xmodel_sanity,pyramidal,basal_f060,1745,177,0.101432664756447,,0.9,extra_trees,numeric_only,0.3626373626373626,0.9166666666666666,0.08470611767772547,0.3902439024390244,0.9142857142857143,82,32,50,3,0.8481375358166189,0.99612,0.5401681137717061,0.4992954931961796
single_failure_head_ranked_against_cell_f060,xmodel_sanity,pyramidal,basal_f060,1745,177,0.101432664756447,,0.95,extra_trees,no_lab,0.36082474226804123,0.9722222222222222,0.08201397842876526,0.38372093023255816,0.9428571428571428,86,33,53,2,0.8424068767908309,0.9972799999999999,0.5332749899342064,0.5196714190985617
single_failure_head_ranked_against_cell_f060,xmodel_sanity,pyramidal,apical_f050,1745,177,0.101432664756447,,0.5,hgb,full,0.9473684210526315,0.5,0.9195698191616648,0.875,0.4,16,14,2,21,0.9340974212034384,0.65798,0.8345218976974572,0.7924954520679729
single_failure_head_ranked_against_cell_f060,xmodel_sanity,pyramidal,apical_f050,1745,177,0.101432664756447,,0.7,hgb,full,0.5777777777777777,0.7222222222222222,0.01804776490478136,0.5454545454545454,0.6857142857142857,44,24,20,11,0.9111747851002865,0.88768,0.8345218976974572,0.7924954520679729
single_failure_head_ranked_against_cell_f060,xmodel_sanity,pyramidal,apical_f050,1745,177,0.101432664756447,,0.8,hgb,no_lab,0.453125,0.8055555555555556,0.004496157657488259,0.421875,0.7714285714285715,64,27,37,8,0.8710601719197708,0.98278,0.8174346891030538,0.7688544060830881
single_failure_head_ranked_against_cell_f060,xmodel_sanity,pyramidal,apical_f050,1745,177,0.101432664756447,,0.9,gb,full,0.3548387096774194,0.9166666666666666,0.006670845846729518,0.3563218390804598,0.8857142857142857,87,31,56,4,0.828080229226361,0.99351,0.7518361181833836,0.7005972199090537
single_failure_head_ranked_against_cell_f060,xmodel_sanity,pyramidal,apical_f050,1745,177,0.101432664756447,,0.95,hgb,no_lab,0.23026315789473684,0.9722222222222222,0.0006384763764416535,0.21379310344827587,0.8857142857142857,145,31,114,4,0.66189111747851,0.99121,0.8174346891030538,0.7688544060830881
two_stage_max_failure_heads,xmodel_sanity,pyramidal,cell_f060+axon_f050+basal_f060+apical_f050,1745,177,0.101432664756447,,0.5,two_stage,max_validation_percentile,0.8181818181818182,0.5,0.9828080229226361,0.8421052631578947,0.45714285714285713,19,16,3,19,0.9369627507163324,0.7316699999999999,,
two_stage_max_failure_heads,xmodel_sanity,pyramidal,cell_f060+axon_f050+basal_f060+apical_f050,1745,177,0.101432664756447,,0.7,two_stage,max_validation_percentile,0.7428571428571429,0.7222222222222222,0.9684813753581661,0.7931034482758621,0.6571428571428571,29,23,6,12,0.9484240687679083,0.87246,,
two_stage_max_failure_heads,xmodel_sanity,pyramidal,cell_f060+axon_f050+basal_f060+apical_f050,1745,177,0.101432664756447,,0.8,two_stage,max_validation_percentile,0.725,0.8055555555555556,0.9598853868194842,0.7741935483870968,0.6857142857142857,31,24,7,11,0.9484240687679083,0.9001600000000001,,
two_stage_max_failure_heads,xmodel_sanity,pyramidal,cell_f060+axon_f050+basal_f060+apical_f050,1745,177,0.101432664756447,,0.9,two_stage,max_validation_percentile,0.5689655172413793,0.9166666666666666,0.9255014326647565,0.5882352941176471,0.8571428571428571,51,30,21,5,0.9255014326647565,0.99149,,
two_stage_max_failure_heads,xmodel_sanity,pyramidal,cell_f060+axon_f050+basal_f060+apical_f050,1745,177,0.101432664756447,,0.95,two_stage,max_validation_percentile,0.20588235294117646,0.9722222222222222,0.7306590257879656,0.20245398773006135,0.9428571428571428,163,33,130,2,0.6217765042979942,1.0,,
single_cell_f060,xmodel_sanity,interneuron,cell_f060,657,34,0.0517503805175038,,0.5,extra_trees,no_lab,1.0,0.5714285714285714,0.6446269714671062,1.0,0.14285714285714285,1,1,0,6,0.9545454545454546,1.0,1.0,0.6119897959183673
single_cell_f060,xmodel_sanity,interneuron,cell_f060,657,34,0.0517503805175038,,0.7,extra_trees,no_lab,1.0,0.7142857142857143,0.5578126819991396,0.6666666666666666,0.2857142857142857,3,2,1,5,0.9545454545454546,1.0,1.0,0.6119897959183673
single_cell_f060,xmodel_sanity,interneuron,cell_f060,657,34,0.0517503805175038,paper/models/flag_improvement_sweep_seed123_branch3_v12ens/interneuron_xmodel_sanity_cell_f060_r080.joblib,0.8,extra_trees,no_lab,1.0,0.8571428571428571,0.46036666435532747,0.5,0.42857142857142855,6,3,3,4,0.946969696969697,1.0,1.0,0.6119897959183673
single_cell_f060,xmodel_sanity,interneuron,cell_f060,657,34,0.0517503805175038,,0.9,extra_trees,no_lab,1.0,1.0,0.45941557152015067,0.5,0.42857142857142855,6,3,3,4,0.946969696969697,1.0,1.0,0.6119897959183673
single_cell_f060,xmodel_sanity,interneuron,cell_f060,657,34,0.0517503805175038,,0.95,extra_trees,no_lab,1.0,1.0,0.45941557152015067,0.5,0.42857142857142855,6,3,3,4,0.946969696969697,1.0,1.0,0.6119897959183673
single_failure_head_ranked_against_cell_f060,xmodel_sanity,interneuron,axon_f050,657,34,0.0517503805175038,,0.5,extra_trees,full,1.0,0.5714285714285714,0.48287975907419284,1.0,0.14285714285714285,1,1,0,6,0.9545454545454546,1.0,1.0,0.613095238095238
single_failure_head_ranked_against_cell_f060,xmodel_sanity,interneuron,axon_f050,657,34,0.0517503805175038,,0.7,extra_trees,full,1.0,0.7142857142857143,0.4684249928465445,1.0,0.14285714285714285,1,1,0,6,0.9545454545454546,1.0,1.0,0.613095238095238
single_failure_head_ranked_against_cell_f060,xmodel_sanity,interneuron,axon_f050,657,34,0.0517503805175038,,0.8,extra_trees,full,1.0,0.8571428571428571,0.3233810008556704,0.5,0.2857142857142857,4,2,2,5,0.946969696969697,1.0,1.0,0.613095238095238
single_failure_head_ranked_against_cell_f060,xmodel_sanity,interneuron,axon_f050,657,34,0.0517503805175038,,0.9,rf,full,0.875,1.0,0.13321633417221643,0.6,0.8571428571428571,10,6,4,1,0.9621212121212122,1.0,0.95,0.9166666666666666
single_failure_head_ranked_against_cell_f060,xmodel_sanity,interneuron,axon_f050,657,34,0.0517503805175038,,0.95,rf,full,0.875,1.0,0.13321633417221643,0.6,0.8571428571428571,10,6,4,1,0.9621212121212122,1.0,0.95,0.9166666666666666
single_failure_head_ranked_against_cell_f060,xmodel_sanity,interneuron,basal_f060,657,34,0.0517503805175038,,0.5,extra_trees,full,1.0,0.5714285714285714,0.447407014101637,0.5,0.2857142857142857,4,2,2,5,0.946969696969697,1.0,0.8114942528735632,1.0
single_failure_head_ranked_against_cell_f060,xmodel_sanity,interneuron,basal_f060,657,34,0.0517503805175038,,0.7,hgb,full,0.7142857142857143,0.7142857142857143,0.026883865011139804,0.3076923076923077,0.5714285714285714,13,4,9,3,0.9090909090909091,1.0,0.7245949926362296,1.0
single_failure_head_ranked_against_cell_f060,xmodel_sanity,interneuron,basal_f060,657,34,0.0517503805175038,,0.8,gb,numeric_only,0.5,0.8571428571428571,0.0013158006593991087,0.25,0.7142857142857143,20,5,15,2,0.8712121212121212,1.0,0.6520202020202019,0.5
single_failure_head_ranked_against_cell_f060,xmodel_sanity,interneuron,basal_f060,657,34,0.0517503805175038,,0.9,gb,full,0.4375,1.0,0.0005794323615632804,0.20833333333333334,0.7142857142857143,24,5,19,2,0.8409090909090909,1.0,0.6575757575757576,0.5
single_failure_head_ranked_against_cell_f060,xmodel_sanity,interneuron,basal_f060,657,34,0.0517503805175038,,0.95,gb,full,0.4375,1.0,0.0005794323615632804,0.20833333333333334,0.7142857142857143,24,5,19,2,0.8409090909090909,1.0,0.6575757575757576,0.5
two_stage_max_failure_heads,xmodel_sanity,interneuron,cell_f060+axon_f050+basal_f060,657,34,0.0517503805175038,,0.5,two_stage,max_validation_percentile,1.0,0.5714285714285714,0.9924242424242424,1.0,0.42857142857142855,3,3,0,4,0.9696969696969697,1.0,,
two_stage_max_failure_heads,xmodel_sanity,interneuron,cell_f060+axon_f050+basal_f060,657,34,0.0517503805175038,,0.7,two_stage,max_validation_percentile,1.0,0.7142857142857143,0.9848484848484849,0.75,0.42857142857142855,4,3,1,4,0.9621212121212122,1.0,,
two_stage_max_failure_heads,xmodel_sanity,interneuron,cell_f060+axon_f050+basal_f060,657,34,0.0517503805175038,,0.8,two_stage,max_validation_percentile,1.0,1.0,0.9772727272727273,0.6,0.42857142857142855,5,3,2,4,0.9545454545454546,1.0,,
two_stage_max_failure_heads,xmodel_sanity,interneuron,cell_f060+axon_f050+basal_f060,657,34,0.0517503805175038,,0.9,two_stage,max_validation_percentile,1.0,1.0,0.9772727272727273,0.6,0.42857142857142855,5,3,2,4,0.9545454545454546,1.0,,
two_stage_max_failure_heads,xmodel_sanity,interneuron,cell_f060+axon_f050+basal_f060,657,34,0.0517503805175038,,0.95,two_stage,max_validation_percentile,1.0,1.0,0.9772727272727273,0.6,0.42857142857142855,5,3,2,4,0.9545454545454546,1.0,,
