hidden,n_layers,dropout,n_params,fold,best_epoch,branch_macro_f1,branch_apical_f1,branch_basal_f1,cell_mean_macro_f1
32,2,0.0,5442,0,12,0.952887038415249,0.9516539440203562,0.9541201328101419,0.8615445075602256
32,2,0.0,5442,1,20,0.9572503656360738,0.9570570130441155,0.957443718228032,0.8624277269901586
32,2,0.0,5442,2,22,0.964098770233688,0.964550341420892,0.9636471990464839,0.8614207593209954
32,2,0.0,5442,3,27,0.9635354481510592,0.9648488577801707,0.9622220385219475,0.8627578605337195
32,2,0.0,5442,4,80,0.9597401549189108,0.9569550648681158,0.962525244969706,0.8512995107285434
32,2,0.2,5442,0,59,0.9584637973429566,0.9573316350899538,0.9595959595959596,0.8710576621593635
32,2,0.2,5442,1,51,0.9581266378118867,0.9581388564760793,0.9581144191476941,0.8612532714468643
32,2,0.2,5442,2,39,0.9653537101778036,0.9655575868372943,0.965149833518313,0.8574634881966486
32,2,0.2,5442,3,41,0.9607575154335819,0.9619489559164733,0.9595660749506904,0.8606749629565745
32,2,0.2,5442,4,61,0.959313650706489,0.9563266010702572,0.9623007003427209,0.8509215786245049
32,2,0.5,5442,0,34,0.9559782072215226,0.9546760293648261,0.957280385078219,0.8655432947389298
32,2,0.5,5442,1,34,0.9577618906418679,0.9577588093674765,0.9577649719162594,0.8613827428031471
32,2,0.5,5442,2,54,0.9650602485191662,0.9651836106428205,0.9649368863955119,0.8549147120998218
32,2,0.5,5442,3,42,0.9608273823556279,0.9621696586794052,0.9594851060318508,0.8644267394769232
32,2,0.5,5442,4,44,0.9520792064437414,0.9485763589301122,0.9555820539573707,0.838959659376107
32,3,0.0,7522,0,39,0.957221330332487,0.9560089257252151,0.958433734939759,0.8691561532803466
32,3,0.0,7522,1,23,0.9584866179739164,0.9580414423715066,0.9589317935763262,0.8563559347584196
32,3,0.0,7522,2,17,0.9632883087682194,0.9637959805557571,0.9627806369806817,0.861949400600235
32,3,0.0,7522,3,17,0.9635550497581354,0.9645599069406747,0.9625501925755962,0.8578757024919275
32,3,0.0,7522,4,31,0.9585352310796054,0.9556701030927836,0.9614003590664273,0.8446629626716232
32,3,0.2,7522,0,30,0.9578459545445392,0.9567361221568316,0.9589557869322469,0.8694770701090442
32,3,0.2,7522,1,21,0.9604605598430203,0.9603221083455344,0.960599011340506,0.863652836776291
32,3,0.2,7522,2,21,0.9657226771440393,0.9656999852789636,0.965745369009115,0.8543553405380271
32,3,0.2,7522,3,41,0.9639421382537283,0.965128838142262,0.9627554383651945,0.8601596545422502
32,3,0.2,7522,4,19,0.9592816844276078,0.9566407252202173,0.9619226436349981,0.8442386671339904
32,3,0.5,7522,0,26,0.9580785925059317,0.9569781312127237,0.9591790537991398,0.8690515227232815
32,3,0.5,7522,1,22,0.9601692026911655,0.960128523440923,0.960209881941408,0.8650425742638034
32,3,0.5,7522,2,21,0.9633680482285989,0.9635431918008784,0.9631929046563192,0.8571916141333363
32,3,0.5,7522,3,38,0.963404637116225,0.9642328372165511,0.9625764370158989,0.8558980895258604
32,3,0.5,7522,4,33,0.9609553911265005,0.9583261876179043,0.9635845946350966,0.8454961156151467
64,2,0.0,14978,0,13,0.9550357777405957,0.9535107406219943,0.9565608148591971,0.8587611922005114
64,2,0.0,14978,1,33,0.959653953848112,0.9592212963645749,0.9600866113316492,0.8572090703191478
64,2,0.0,14978,2,25,0.9613081892970394,0.9611004289306315,0.9615159496634474,0.8476250629561534
64,2,0.0,14978,3,20,0.9609185360825623,0.962080173347779,0.9597568988173456,0.8580090530911796
64,2,0.0,14978,4,55,0.9584812846530153,0.955247181266262,0.9617153880397685,0.840347756719775
64,2,0.2,14978,0,13,0.954653042917383,0.9531887653036729,0.956117320531093,0.8584448917184583
64,2,0.2,14978,1,36,0.9602406656161937,0.9599941275783601,0.9604872036540274,0.8573534628000751
64,2,0.2,14978,2,25,0.9615297869246611,0.9614448949502395,0.9616146788990826,0.8476988605249104
64,2,0.2,14978,3,11,0.9603664979852939,0.9614340032590983,0.9592989927114897,0.8538650512323116
64,2,0.2,14978,4,55,0.9588576913279481,0.9554916819092414,0.9622237007466549,0.8395634972334107
64,2,0.5,14978,0,32,0.9568317251254548,0.9555715083353274,0.958091941915582,0.8678693940260297
64,2,0.5,14978,1,45,0.9577616155102338,0.9576537702040517,0.9578694608164157,0.8589291059566395
64,2,0.5,14978,2,30,0.9635894761830367,0.9636430407638634,0.96353591160221,0.850564316995804
64,2,0.5,14978,3,11,0.9584375116512558,0.9598086862608964,0.9570663370416151,0.8509674619255465
64,2,0.5,14978,4,43,0.9565380604796663,0.9530761209593326,0.96,0.8396515786811959
64,3,0.0,23234,0,14,0.9566816430264966,0.9555042585369736,0.9578590275160196,0.8652664386426653
64,3,0.0,23234,1,15,0.9614091148219184,0.9613049520883622,0.9615132775554747,0.8641781373542986
64,3,0.0,23234,2,40,0.9638084571057544,0.9640613586559532,0.9635555555555556,0.8572754093719415
64,3,0.0,23234,3,18,0.960617795849946,0.9614243323442137,0.9598112593556785,0.843779027609006
64,3,0.0,23234,4,39,0.963883453662402,0.9611423626135872,0.9666245447112168,0.8401565554026357
64,3,0.2,23234,0,12,0.9567582183551515,0.9555661729574773,0.9579502637528259,0.8612670668402702
64,3,0.2,23234,1,15,0.9609710670649951,0.960814473009595,0.9611276611203953,0.8630100249017416
64,3,0.2,23234,2,14,0.9646184073212121,0.9648005854372484,0.9644362292051756,0.8590254792166577
64,3,0.2,23234,3,24,0.9611542217561232,0.9623676686500271,0.9599407748622193,0.8576810037723007
64,3,0.2,23234,4,57,0.9658914712723069,0.9632836854866643,0.9684992570579495,0.8445692542550681
64,3,0.5,23234,0,39,0.9586855222633606,0.9573770491803278,0.9599939953463934,0.8676162954099632
64,3,0.5,23234,1,15,0.9602414070350229,0.9600644830365648,0.960418331033481,0.8606725887298096
64,3,0.5,23234,2,26,0.964251562881241,0.9642489333529498,0.9642541924095323,0.8514494335745533
64,3,0.5,23234,3,18,0.9588312614275591,0.9602649006622517,0.9573976221928666,0.8559052423690762
64,3,0.5,23234,4,61,0.9642206332041523,0.961608144249849,0.9668331221584557,0.8456627033124166
128,2,0.0,46338,0,29,0.9589308013025841,0.9578495307777954,0.9600120718273729,0.8739567985577341
128,2,0.0,46338,1,25,0.9609716901679326,0.9609859257638736,0.9609574545719916,0.8653461086306272
128,2,0.0,46338,2,14,0.9655015561634392,0.9656284353242947,0.965374677002584,0.8581901705273315
128,2,0.0,46338,3,25,0.9618137362135948,0.9625927372120265,0.9610347352151631,0.8580101121703192
128,2,0.0,46338,4,43,0.9668535314982455,0.9642980935875216,0.9694089694089694,0.8477883080738268
128,2,0.2,46338,0,22,0.9592322094235841,0.9580073447229762,0.9604570741241919,0.8686114119575288
128,2,0.2,46338,1,25,0.9602421585820526,0.9602044541803578,0.9602798629837476,0.8642216869267515
128,2,0.2,46338,2,35,0.9652071192888989,0.9653606737458806,0.9650535648319173,0.8598239959871595
128,2,0.2,46338,3,21,0.9626746146613014,0.9637602601827474,0.9615889691398556,0.8625623694298927
128,2,0.2,46338,4,40,0.9641634656511153,0.9617101648351648,0.9666167664670658,0.8485150581494416
128,2,0.5,46338,0,33,0.9595242223923713,0.9580385852090032,0.9610098595757395,0.8653413450427534
128,2,0.5,46338,1,19,0.958272533587334,0.9582542694497154,0.9582907977249526,0.860700580303204
128,2,0.5,46338,2,41,0.9643981348981061,0.9645369284876905,0.9642593413085216,0.8546558214186503
128,2,0.5,46338,3,34,0.9601937975870044,0.9614879987651462,0.9588995964088626,0.8608767997683382
128,2,0.5,46338,4,25,0.9614123737778193,0.9586349534643226,0.964189794091316,0.8411064560260142
128,3,0.0,79234,0,9,0.9580012743767516,0.9569020356234097,0.9591005131300936,0.8721052428077647
128,3,0.0,79234,1,21,0.9619916033525387,0.9617614678899082,0.9622217388151693,0.8603690929912866
128,3,0.0,79234,2,19,0.9660145700216441,0.966297052815874,0.9657320872274143,0.8579833968305604
128,3,0.0,79234,3,4,0.9637059892702535,0.9648512939358825,0.9625606846046244,0.8607195530583822
128,3,0.0,79234,4,31,0.9686624298716029,0.9665121071612571,0.9708127525819488,0.854266115270131
128,3,0.2,79234,0,9,0.9566236201753476,0.9558846699227982,0.9573625704278971,0.8709489816451721
128,3,0.2,79234,1,21,0.9610446421455532,0.9610332749562172,0.9610560093348891,0.860650402611391
128,3,0.2,79234,2,37,0.966162378594811,0.9663988312636961,0.965925925925926,0.8566859806747184
128,3,0.2,79234,3,4,0.9626753035391569,0.9637490317583268,0.9616015753199869,0.8578583411374767
128,3,0.2,79234,4,28,0.9646036006505462,0.9624776652769506,0.9667295360241418,0.8539181892474107
128,3,0.5,79234,0,9,0.956160657082376,0.9554681353265145,0.9568531788382375,0.8706244525062702
128,3,0.5,79234,1,19,0.9626475599180633,0.9623750734861846,0.9629200463499421,0.8610089444693702
128,3,0.5,79234,2,54,0.9677782978320533,0.9681361850720209,0.9674204105920857,0.8628863622331031
128,3,0.5,79234,3,8,0.9622720576109571,0.9634325473521453,0.9611115678697689,0.8543659339803282
128,3,0.5,79234,4,32,0.961052588806079,0.9575235247559581,0.9645816528562,0.8360658571184605
