method,path,cell_type,n_nodes,neurite_macro_f1,macro_f1
lmeasure_rf,D:\Desktop\SWC-Studio\data\v9_merged_dataset\interneuron\swc\allen__Chat-IRES-Cre-neo_Ai14-308245.04.02.01_577369606.swc,interneuron,8424,0.8505,0.9003
lmeasure_rf,D:\Desktop\SWC-Studio\data\v9_merged_dataset\interneuron\swc\allen__Chat-IRES-Cre-neo_Ai14-316042.05.02.01_586072464.swc,interneuron,6544,0.7547,0.8365
lmeasure_rf,D:\Desktop\SWC-Studio\data\v9_merged_dataset\interneuron\swc\allen__Chat-IRES-Cre-neo_Ai14-316042.06.01.01_586072783.swc,interneuron,9284,0.7182,0.8121
lmeasure_rf,D:\Desktop\SWC-Studio\data\v9_merged_dataset\interneuron\swc\allen__Chrna2-Cre_OE25_Ai14(IVSCC)-294916.03.01.01_567312865.swc,interneuron,32827,1.0,1.0
lmeasure_rf,D:\Desktop\SWC-Studio\data\v9_merged_dataset\interneuron\swc\allen__Gad2-IRES-Cre_Ai14-324791.03.02.02_593321019.swc,interneuron,9202,1.0,1.0
lmeasure_rf,D:\Desktop\SWC-Studio\data\v9_merged_dataset\interneuron\swc\allen__H15.06.016.01.03.02_488386626.swc,interneuron,19279,0.997,0.998
lmeasure_rf,D:\Desktop\SWC-Studio\data\v9_merged_dataset\interneuron\swc\allen__H16.03.005.01.04.04_526734407.swc,interneuron,25906,1.0,1.0
lmeasure_rf,D:\Desktop\SWC-Studio\data\v9_merged_dataset\interneuron\swc\allen__H16.03.007.01.01.08.01_541536216.swc,interneuron,21012,0.859,0.906
lmeasure_rf,D:\Desktop\SWC-Studio\data\v9_merged_dataset\interneuron\swc\allen__H16.06.009.01.01.18.03_528687520.swc,interneuron,12081,1.0,1.0
lmeasure_rf,D:\Desktop\SWC-Studio\data\v9_merged_dataset\interneuron\swc\allen__H17.06.003.11.03.03_614651270.swc,interneuron,30285,0.9576,0.9718
lmeasure_rf,D:\Desktop\SWC-Studio\data\v9_merged_dataset\interneuron\swc\allen__H17.06.003.11.05.04_567742660.swc,interneuron,33040,1.0,1.0
lmeasure_rf,D:\Desktop\SWC-Studio\data\v9_merged_dataset\interneuron\swc\allen__H17.06.005.12.10.04_571435969.swc,interneuron,2967,0.7143,0.8095
lmeasure_rf,D:\Desktop\SWC-Studio\data\v9_merged_dataset\interneuron\swc\allen__H17.06.005.12.12.03_571525618.swc,interneuron,8146,0.8056,0.8704
lmeasure_rf,D:\Desktop\SWC-Studio\data\v9_merged_dataset\interneuron\swc\allen__H17.06.005.12.15.01_571427524.swc,interneuron,29538,1.0,1.0
lmeasure_rf,D:\Desktop\SWC-Studio\data\v9_merged_dataset\interneuron\swc\allen__H17.06.007.11.08.01_576095991.swc,interneuron,3551,0.4928,0.6619
lmeasure_rf,D:\Desktop\SWC-Studio\data\v9_merged_dataset\interneuron\swc\allen__H17.06.012.14.08.05_611610514.swc,interneuron,26630,0.9211,0.9474
lmeasure_rf,D:\Desktop\SWC-Studio\data\v9_merged_dataset\interneuron\swc\allen__H17.06.013.12.03.02_643575207.swc,interneuron,17642,1.0,1.0
lmeasure_rf,D:\Desktop\SWC-Studio\data\v9_merged_dataset\interneuron\swc\allen__H17.06.013.12.03.03_643582610.swc,interneuron,13995,0.9506,0.967
lmeasure_rf,D:\Desktop\SWC-Studio\data\v9_merged_dataset\interneuron\swc\allen__Htr3a-Cre_NO152_Ai14-182494.05.01.01_473943881.swc,interneuron,14896,1.0,1.0
lmeasure_rf,D:\Desktop\SWC-Studio\data\v9_merged_dataset\interneuron\swc\allen__Htr3a-Cre_NO152_Ai14-200434.06.02.01_481136138.swc,interneuron,11290,1.0,1.0
lmeasure_rf,D:\Desktop\SWC-Studio\data\v9_merged_dataset\interneuron\swc\allen__Htr3a-Cre_NO152_Ai14-286731.04.02.01_561553133.swc,interneuron,2808,0.474,0.6494
lmeasure_rf,D:\Desktop\SWC-Studio\data\v9_merged_dataset\interneuron\swc\allen__Htr3a-Cre_NO152_Ai14-286736.05.01.01_561532710.swc,interneuron,8835,1.0,1.0
lmeasure_rf,D:\Desktop\SWC-Studio\data\v9_merged_dataset\interneuron\swc\allen__Ndnf-IRES2-dgCre_Ai14-255259.03.02.01_526531616.swc,interneuron,16517,1.0,1.0
lmeasure_rf,D:\Desktop\SWC-Studio\data\v9_merged_dataset\interneuron\swc\allen__Ndnf-IRES2-dgCre_Ai14-262467.04.01.01_539014038.swc,interneuron,13849,0.8879,0.9252
lmeasure_rf,D:\Desktop\SWC-Studio\data\v9_merged_dataset\interneuron\swc\allen__Ndnf-IRES2-dgCre_Ai14-262475.04.02.01_536306115.swc,interneuron,11251,1.0,1.0
lmeasure_rf,D:\Desktop\SWC-Studio\data\v9_merged_dataset\interneuron\swc\allen__Ndnf-IRES2-dgCre_Ai14-290382.04.01.01_562632795.swc,interneuron,13035,0.8566,0.9044
lmeasure_rf,D:\Desktop\SWC-Studio\data\v9_merged_dataset\interneuron\swc\allen__Ndnf-IRES2-dgCre_Ai14-292670.04.02.01_565120091.swc,interneuron,18807,1.0,1.0
lmeasure_rf,D:\Desktop\SWC-Studio\data\v9_merged_dataset\interneuron\swc\allen__Ndnf-IRES2-dgCre_Ai14-292673.04.02.01_564349611.swc,interneuron,15659,0.8287,0.8858
lmeasure_rf,D:\Desktop\SWC-Studio\data\v9_merged_dataset\interneuron\swc\allen__Ndnf-IRES2-dgCre_Ai14-292673.05.01.01_564346637.swc,interneuron,19022,1.0,1.0
lmeasure_rf,D:\Desktop\SWC-Studio\data\v9_merged_dataset\interneuron\swc\allen__Ndnf-IRES2-dgCre_Ai14-306261.05.02.01_574734127.swc,interneuron,15926,0.8531,0.902
lmeasure_rf,D:\Desktop\SWC-Studio\data\v9_merged_dataset\interneuron\swc\allen__Ndnf-IRES2-dgCre_Ai14-311164.05.01.01_579626068.swc,interneuron,17629,0.9593,0.9729
lmeasure_rf,D:\Desktop\SWC-Studio\data\v9_merged_dataset\interneuron\swc\allen__Nkx2-1-CreERT2_Ai14(BT)-278735.06.02.02_554807924.swc,interneuron,8488,0.9355,0.957
lmeasure_rf,D:\Desktop\SWC-Studio\data\v9_merged_dataset\interneuron\swc\allen__Nos1-CreERT2_Sst-IRES-FlpO_Ai65-271577.05.02.01_547262585.swc,interneuron,12546,0.6847,0.7898
lmeasure_rf,D:\Desktop\SWC-Studio\data\v9_merged_dataset\interneuron\swc\allen__Oxtr-2A-Cre_Ai14-293837.04.02.01_565866518.swc,interneuron,15202,1.0,1.0
lmeasure_rf,D:\Desktop\SWC-Studio\data\v9_merged_dataset\interneuron\swc\allen__Pvalb-IRES-Cre_Ai14-185361.06.02.01_475549284.swc,interneuron,15555,1.0,1.0
lmeasure_rf,D:\Desktop\SWC-Studio\data\v9_merged_dataset\interneuron\swc\allen__Pvalb-IRES-Cre_Ai14-202470.03.02.01_485184849.swc,interneuron,11313,0.8429,0.8953
lmeasure_rf,D:\Desktop\SWC-Studio\data\v9_merged_dataset\interneuron\swc\allen__Pvalb-IRES-Cre_Ai14-236448.04.01.01_509617624.swc,interneuron,9148,0.8923,0.9282
lmeasure_rf,D:\Desktop\SWC-Studio\data\v9_merged_dataset\interneuron\swc\allen__Sst-IRES-Cre_Ai14-173196.03.01.01_324493977.swc,interneuron,13302,1.0,1.0
lmeasure_rf,D:\Desktop\SWC-Studio\data\v9_merged_dataset\interneuron\swc\allen__Vip-IRES-Cre_Ai14(IVSCC)-253382.05.01.01_524689239.swc,interneuron,5405,0.5844,0.7229
lmeasure_rf,D:\Desktop\SWC-Studio\data\v9_merged_dataset\interneuron\swc\allen__Vipr2-IRES2-Cre_Slc32a1-T2A-FlpO_Ai65-315067.05.01.01_585805211.swc,interneuron,11008,1.0,1.0
lmeasure_rf,D:\Desktop\SWC-Studio\data\v9_merged_dataset\interneuron\swc\allen__Vipr2-IRES2-Cre_Slc32a1-T2A-FlpO_Ai65-315069.05.02.01_585952606.swc,interneuron,10592,1.0,1.0
lmeasure_rf,D:\Desktop\SWC-Studio\data\v9_merged_dataset\interneuron\swc\neuromorpho__051217_cell4_L23.swc,interneuron,5927,1.0,1.0
lmeasure_rf,D:\Desktop\SWC-Studio\data\v9_merged_dataset\interneuron\swc\neuromorpho__051217_cell6_L1.swc,interneuron,3309,1.0,1.0
lmeasure_rf,D:\Desktop\SWC-Studio\data\v9_merged_dataset\interneuron\swc\neuromorpho__06-11-15-B.swc,interneuron,16105,1.0,1.0
lmeasure_rf,D:\Desktop\SWC-Studio\data\v9_merged_dataset\interneuron\swc\neuromorpho__061217_cell4_L23.swc,interneuron,1794,1.0,1.0
lmeasure_rf,D:\Desktop\SWC-Studio\data\v9_merged_dataset\interneuron\swc\neuromorpho__071217_cell3_L1.swc,interneuron,3399,1.0,1.0
lmeasure_rf,D:\Desktop\SWC-Studio\data\v9_merged_dataset\interneuron\swc\neuromorpho__10-07-15-A.swc,interneuron,11201,1.0,1.0
lmeasure_rf,D:\Desktop\SWC-Studio\data\v9_merged_dataset\interneuron\swc\neuromorpho__13-01-15-B.swc,interneuron,12679,1.0,1.0
lmeasure_rf,D:\Desktop\SWC-Studio\data\v9_merged_dataset\interneuron\swc\neuromorpho__14-1-15-A-A1.swc,interneuron,7904,1.0,1.0
lmeasure_rf,D:\Desktop\SWC-Studio\data\v9_merged_dataset\interneuron\swc\neuromorpho__14-1-15-A-A4.swc,interneuron,3584,0.4671,0.6447
lmeasure_rf,D:\Desktop\SWC-Studio\data\v9_merged_dataset\interneuron\swc\neuromorpho__14-1-15-A-B1.swc,interneuron,599,0.4805,0.6536
lmeasure_rf,D:\Desktop\SWC-Studio\data\v9_merged_dataset\interneuron\swc\neuromorpho__16-06-15-C.swc,interneuron,11914,1.0,1.0
lmeasure_rf,D:\Desktop\SWC-Studio\data\v9_merged_dataset\interneuron\swc\neuromorpho__161027_SAC5.swc,interneuron,3779,1.0,1.0
lmeasure_rf,D:\Desktop\SWC-Studio\data\v9_merged_dataset\interneuron\swc\neuromorpho__20160208_2_2.swc,interneuron,103,1.0,1.0
lmeasure_rf,D:\Desktop\SWC-Studio\data\v9_merged_dataset\interneuron\swc\neuromorpho__25-02-15-C2.swc,interneuron,3275,0.3518,0.5679
lmeasure_rf,D:\Desktop\SWC-Studio\data\v9_merged_dataset\interneuron\swc\neuromorpho__26-11-14-A-A4b.swc,interneuron,30568,1.0,1.0
lmeasure_rf,D:\Desktop\SWC-Studio\data\v9_merged_dataset\interneuron\swc\neuromorpho__26-2-15-C.swc,interneuron,16762,1.0,1.0
lmeasure_rf,D:\Desktop\SWC-Studio\data\v9_merged_dataset\interneuron\swc\neuromorpho__261015c2.swc,interneuron,1506,1.0,1.0
lmeasure_rf,D:\Desktop\SWC-Studio\data\v9_merged_dataset\interneuron\swc\neuromorpho__8may2015c1.swc,interneuron,3626,1.0,1.0
lmeasure_rf,D:\Desktop\SWC-Studio\data\v9_merged_dataset\interneuron\swc\neuromorpho__9-10-14-B.swc,interneuron,12562,1.0,1.0
lmeasure_rf,D:\Desktop\SWC-Studio\data\v9_merged_dataset\interneuron\swc\neuromorpho__a151124-2_VIP_IN.swc,interneuron,3213,1.0,1.0
lmeasure_rf,D:\Desktop\SWC-Studio\data\v9_merged_dataset\interneuron\swc\neuromorpho__A151218-02_VIP_IN.swc,interneuron,4353,1.0,1.0
lmeasure_rf,D:\Desktop\SWC-Studio\data\v9_merged_dataset\interneuron\swc\neuromorpho__AAS17.swc,interneuron,437,1.0,1.0
lmeasure_rf,D:\Desktop\SWC-Studio\data\v9_merged_dataset\interneuron\swc\neuromorpho__B15a.swc,interneuron,6786,1.0,1.0
lmeasure_rf,D:\Desktop\SWC-Studio\data\v9_merged_dataset\interneuron\swc\neuromorpho__BC150112A_27.swc,interneuron,98757,1.0,1.0
lmeasure_rf,D:\Desktop\SWC-Studio\data\v9_merged_dataset\interneuron\swc\neuromorpho__BC160201B_36.swc,interneuron,54582,1.0,1.0
lmeasure_rf,D:\Desktop\SWC-Studio\data\v9_merged_dataset\interneuron\swc\neuromorpho__BC160620B_39.swc,interneuron,88903,1.0,1.0
lmeasure_rf,D:\Desktop\SWC-Studio\data\v9_merged_dataset\interneuron\swc\neuromorpho__c3271015.swc,interneuron,1516,1.0,1.0
lmeasure_rf,D:\Desktop\SWC-Studio\data\v9_merged_dataset\interneuron\swc\neuromorpho__cell-10_8.swc,interneuron,2158,1.0,1.0
lmeasure_rf,D:\Desktop\SWC-Studio\data\v9_merged_dataset\interneuron\swc\neuromorpho__cell-12_9.swc,interneuron,1631,1.0,1.0
lmeasure_rf,D:\Desktop\SWC-Studio\data\v9_merged_dataset\interneuron\swc\neuromorpho__cell-13_8.swc,interneuron,2009,1.0,1.0
lmeasure_rf,D:\Desktop\SWC-Studio\data\v9_merged_dataset\interneuron\swc\neuromorpho__Cell-16-MOUSE.swc,interneuron,247,1.0,1.0
lmeasure_rf,D:\Desktop\SWC-Studio\data\v9_merged_dataset\interneuron\swc\neuromorpho__Cell-19.swc,interneuron,98,1.0,1.0
lmeasure_rf,D:\Desktop\SWC-Studio\data\v9_merged_dataset\interneuron\swc\neuromorpho__Cell-22.swc,interneuron,264,0.3783,0.5855
lmeasure_rf,D:\Desktop\SWC-Studio\data\v9_merged_dataset\interneuron\swc\neuromorpho__Cell-26.swc,interneuron,539,0.4647,0.6431
lmeasure_rf,D:\Desktop\SWC-Studio\data\v9_merged_dataset\interneuron\swc\neuromorpho__Cell-5-1.swc,interneuron,557,0.4633,0.6422
lmeasure_rf,D:\Desktop\SWC-Studio\data\v9_merged_dataset\interneuron\swc\neuromorpho__cell-7_11.swc,interneuron,1403,1.0,1.0
lmeasure_rf,D:\Desktop\SWC-Studio\data\v9_merged_dataset\interneuron\swc\neuromorpho__Cell2_Subiculum_singlecell.swc,interneuron,220,0.39,0.5933
lmeasure_rf,D:\Desktop\SWC-Studio\data\v9_merged_dataset\interneuron\swc\neuromorpho__Cell4_Hippocampus_singlecell.swc,interneuron,573,1.0,1.0
lmeasure_rf,D:\Desktop\SWC-Studio\data\v9_merged_dataset\interneuron\swc\neuromorpho__Cell5_Hippocampus_singlecell.swc,interneuron,446,1.0,1.0
lmeasure_rf,D:\Desktop\SWC-Studio\data\v9_merged_dataset\interneuron\swc\neuromorpho__Cell6_Hippocampus_singlecell.swc,interneuron,345,1.0,1.0
lmeasure_rf,D:\Desktop\SWC-Studio\data\v9_merged_dataset\interneuron\swc\neuromorpho__Chat-IRES-Cre-neo_Ai14-316043-04-02-01_626158141_m.swc,interneuron,5672,1.0,1.0
lmeasure_rf,D:\Desktop\SWC-Studio\data\v9_merged_dataset\interneuron\swc\neuromorpho__Chat-IRES-Cre-neo_Ai14-316043-05-01-01_610886034_m.swc,interneuron,7465,1.0,1.0
lmeasure_rf,D:\Desktop\SWC-Studio\data\v9_merged_dataset\interneuron\swc\neuromorpho__Chrna2-Cre_OE25_Ai14_BT_-281693-06-01-01_591276000_m.swc,interneuron,17650,1.0,1.0
lmeasure_rf,D:\Desktop\SWC-Studio\data\v9_merged_dataset\interneuron\swc\neuromorpho__Chrna2-Cre_OE25_Pvalb-T2A-Dre_Ai66-312583-02-02-01_651087073_m.swc,interneuron,18770,1.0,1.0
lmeasure_rf,D:\Desktop\SWC-Studio\data\v9_merged_dataset\interneuron\swc\neuromorpho__Diego-02-27-13-BR.swc,interneuron,27082,1.0,1.0
lmeasure_rf,D:\Desktop\SWC-Studio\data\v9_merged_dataset\interneuron\swc\neuromorpho__Fig1b_140312-1rm6_int.swc,interneuron,61212,1.0,1.0
lmeasure_rf,D:\Desktop\SWC-Studio\data\v9_merged_dataset\interneuron\swc\neuromorpho__Fig1f_140909-2mg_int.swc,interneuron,30815,1.0,1.0
lmeasure_rf,D:\Desktop\SWC-Studio\data\v9_merged_dataset\interneuron\swc\neuromorpho__Fig2a_cell2_1404163rm.swc,interneuron,10848,1.0,1.0
lmeasure_rf,D:\Desktop\SWC-Studio\data\v9_merged_dataset\interneuron\swc\neuromorpho__Fig2a_cell5_141009_2og.swc,interneuron,7949,1.0,1.0
lmeasure_rf,D:\Desktop\SWC-Studio\data\v9_merged_dataset\interneuron\swc\neuromorpho__Gad2-IRES-Cre_Ai14-324791-03-02-02_648138988_m.swc,interneuron,9203,1.0,1.0
lmeasure_rf,D:\Desktop\SWC-Studio\data\v9_merged_dataset\interneuron\swc\neuromorpho__GGB-7-24-15-1R.swc,interneuron,24074,1.0,1.0
lmeasure_rf,D:\Desktop\SWC-Studio\data\v9_merged_dataset\interneuron\swc\neuromorpho__H17-06-003-11-03-03_694168884_m.swc,interneuron,30285,1.0,1.0
lmeasure_rf,D:\Desktop\SWC-Studio\data\v9_merged_dataset\interneuron\swc\neuromorpho__H17-06-006-11-10-03_639632757_m.swc,interneuron,8684,1.0,1.0
lmeasure_rf,D:\Desktop\SWC-Studio\data\v9_merged_dataset\interneuron\swc\neuromorpho__H17-06-013-12-03-01_681002938_m.swc,interneuron,4016,1.0,1.0
lmeasure_rf,D:\Desktop\SWC-Studio\data\v9_merged_dataset\interneuron\swc\neuromorpho__Hcell13-set-2.swc,interneuron,2107,1.0,1.0
lmeasure_rf,D:\Desktop\SWC-Studio\data\v9_merged_dataset\interneuron\swc\neuromorpho__Hcell16-set-2.swc,interneuron,3641,1.0,1.0
lmeasure_rf,D:\Desktop\SWC-Studio\data\v9_merged_dataset\interneuron\swc\neuromorpho__Hcell2.swc,interneuron,3119,1.0,1.0
lmeasure_rf,D:\Desktop\SWC-Studio\data\v9_merged_dataset\interneuron\swc\neuromorpho__Hcell7.swc,interneuron,1551,1.0,1.0
lmeasure_rf,D:\Desktop\SWC-Studio\data\v9_merged_dataset\interneuron\swc\neuromorpho__het-10.swc,interneuron,308,0.376,0.584
lmeasure_rf,D:\Desktop\SWC-Studio\data\v9_merged_dataset\interneuron\swc\neuromorpho__het-7.swc,interneuron,660,1.0,1.0
lmeasure_rf,D:\Desktop\SWC-Studio\data\v9_merged_dataset\interneuron\swc\neuromorpho__homo-3.swc,interneuron,2338,1.0,1.0
lmeasure_rf,D:\Desktop\SWC-Studio\data\v9_merged_dataset\interneuron\swc\neuromorpho__homo-6.swc,interneuron,1661,1.0,1.0
lmeasure_rf,D:\Desktop\SWC-Studio\data\v9_merged_dataset\interneuron\swc\neuromorpho__homo-7.swc,interneuron,2137,0.7353,0.8235
lmeasure_rf,D:\Desktop\SWC-Studio\data\v9_merged_dataset\interneuron\swc\neuromorpho__homo-9.swc,interneuron,1178,1.0,1.0
lmeasure_rf,D:\Desktop\SWC-Studio\data\v9_merged_dataset\interneuron\swc\neuromorpho__Htr3a-Cre_NO152_Pvalb-T2A-Dre_Ai66-313949-04-02-01_671531778_m.swc,interneuron,15218,1.0,1.0
lmeasure_rf,D:\Desktop\SWC-Studio\data\v9_merged_dataset\interneuron\swc\neuromorpho__interneuronEX.swc,interneuron,7317,1.0,1.0
lmeasure_rf,D:\Desktop\SWC-Studio\data\v9_merged_dataset\interneuron\swc\neuromorpho__L5FS4.swc,interneuron,1660,1.0,1.0
lmeasure_rf,D:\Desktop\SWC-Studio\data\v9_merged_dataset\interneuron\swc\neuromorpho__NAS3.swc,interneuron,1291,1.0,1.0
lmeasure_rf,D:\Desktop\SWC-Studio\data\v9_merged_dataset\interneuron\swc\neuromorpho__NAS5.swc,interneuron,1254,1.0,1.0
lmeasure_rf,D:\Desktop\SWC-Studio\data\v9_merged_dataset\interneuron\swc\neuromorpho__NAS7.swc,interneuron,1345,1.0,1.0
lmeasure_rf,D:\Desktop\SWC-Studio\data\v9_merged_dataset\interneuron\swc\neuromorpho__Ndnf-IRES2-dgCre_Ai14-306261-05-02-01_591276334_m.swc,interneuron,15925,1.0,1.0
lmeasure_rf,D:\Desktop\SWC-Studio\data\v9_merged_dataset\interneuron\swc\neuromorpho__neu-sc141struktur.swc,interneuron,401,1.0,1.0
lmeasure_rf,D:\Desktop\SWC-Studio\data\v9_merged_dataset\interneuron\swc\neuromorpho__neu-sc192struktur.swc,interneuron,1215,1.0,1.0
lmeasure_rf,D:\Desktop\SWC-Studio\data\v9_merged_dataset\interneuron\swc\neuromorpho__neu-sc39struktur.swc,interneuron,288,1.0,1.0
lmeasure_rf,D:\Desktop\SWC-Studio\data\v9_merged_dataset\interneuron\swc\neuromorpho__neu-sc65struktur.swc,interneuron,559,1.0,1.0
lmeasure_rf,D:\Desktop\SWC-Studio\data\v9_merged_dataset\interneuron\swc\neuromorpho__neu-sc99struktur.swc,interneuron,3590,1.0,1.0
lmeasure_rf,D:\Desktop\SWC-Studio\data\v9_merged_dataset\interneuron\swc\neuromorpho__Nkx2-1-CreERT2_Ai14-_IVSCC_-294488-04-02-01_649553736_m.swc,interneuron,14791,1.0,1.0
lmeasure_rf,D:\Desktop\SWC-Studio\data\v9_merged_dataset\interneuron\swc\neuromorpho__Nos1-CreERT2_Ai14_BT_-251975-06-01-01_563819177_m.swc,interneuron,16660,1.0,1.0
lmeasure_rf,D:\Desktop\SWC-Studio\data\v9_merged_dataset\interneuron\swc\neuromorpho__Nos1-CreERT2_Ai14_BT_-260226-04-02-01_596793240_m.swc,interneuron,10703,1.0,1.0
lmeasure_rf,D:\Desktop\SWC-Studio\data\v9_merged_dataset\interneuron\swc\neuromorpho__Nos1-CreERT2_Ai14_BT_-286854-04-01-01_596793070_m.swc,interneuron,15550,1.0,1.0
lmeasure_rf,D:\Desktop\SWC-Studio\data\v9_merged_dataset\interneuron\swc\neuromorpho__Nos1-CreERT2_Sst-IRES-FlpO_Ai65-271577-05-02-01_601947916_m.swc,interneuron,12545,1.0,1.0
lmeasure_rf,D:\Desktop\SWC-Studio\data\v9_merged_dataset\interneuron\swc\neuromorpho__Oxtr-2A-Cre_Ai14-293841-05-02-01_614432108_m.swc,interneuron,16820,1.0,1.0
lmeasure_rf,D:\Desktop\SWC-Studio\data\v9_merged_dataset\interneuron\swc\neuromorpho__P110715-02-BC.swc,interneuron,999,1.0,1.0
lmeasure_rf,D:\Desktop\SWC-Studio\data\v9_merged_dataset\interneuron\swc\neuromorpho__P111106-02-BC.swc,interneuron,2443,1.0,1.0
lmeasure_rf,D:\Desktop\SWC-Studio\data\v9_merged_dataset\interneuron\swc\neuromorpho__P111123-01-AAC.swc,interneuron,2647,1.0,1.0
lmeasure_rf,D:\Desktop\SWC-Studio\data\v9_merged_dataset\interneuron\swc\neuromorpho__P111123-03-AAC.swc,interneuron,1120,1.0,1.0
lmeasure_rf,D:\Desktop\SWC-Studio\data\v9_merged_dataset\interneuron\swc\neuromorpho__P111123-04n1-AAC.swc,interneuron,1233,1.0,1.0
lmeasure_rf,D:\Desktop\SWC-Studio\data\v9_merged_dataset\interneuron\swc\neuromorpho__p120116-03-AAC.swc,interneuron,589,1.0,1.0
lmeasure_rf,D:\Desktop\SWC-Studio\data\v9_merged_dataset\interneuron\swc\neuromorpho__Pvalb-IRES-Cre_Ai14-198335-04-01-01_653182186_m.swc,interneuron,10340,1.0,1.0
lmeasure_rf,D:\Desktop\SWC-Studio\data\v9_merged_dataset\interneuron\swc\neuromorpho__Pvalb-IRES-Cre_Ai14-296193-03-01-02_650175812_m.swc,interneuron,18692,1.0,1.0
lmeasure_rf,D:\Desktop\SWC-Studio\data\v9_merged_dataset\interneuron\swc\neuromorpho__Pvalb-IRES-Cre_Ai14-296193-04-01-01_596792650_m.swc,interneuron,32682,1.0,1.0
lmeasure_rf,D:\Desktop\SWC-Studio\data\v9_merged_dataset\interneuron\swc\neuromorpho__Pvalb-IRES-Cre_Ai14-305768-04-02-01_656999337_m.swc,interneuron,15273,1.0,1.0
lmeasure_rf,D:\Desktop\SWC-Studio\data\v9_merged_dataset\interneuron\swc\neuromorpho__rotated_CR-0319a_ax2.swc,interneuron,30987,1.0,1.0
lmeasure_rf,D:\Desktop\SWC-Studio\data\v9_merged_dataset\interneuron\swc\neuromorpho__sec-12.swc,interneuron,358,0.4369,0.6246
lmeasure_rf,D:\Desktop\SWC-Studio\data\v9_merged_dataset\interneuron\swc\neuromorpho__sec-13.swc,interneuron,289,1.0,1.0
lmeasure_rf,D:\Desktop\SWC-Studio\data\v9_merged_dataset\interneuron\swc\neuromorpho__sec-9.swc,interneuron,253,0.4247,0.6164
lmeasure_rf,D:\Desktop\SWC-Studio\data\v9_merged_dataset\interneuron\swc\neuromorpho__SM080618A2.swc,interneuron,14569,1.0,1.0
lmeasure_rf,D:\Desktop\SWC-Studio\data\v9_merged_dataset\interneuron\swc\neuromorpho__SST2A-GFP-SST-VGLUT2-cell-3.swc,interneuron,123,1.0,1.0
lmeasure_rf,D:\Desktop\SWC-Studio\data\v9_merged_dataset\interneuron\swc\neuromorpho__SST2A-GFP-SST-VGLUT2-cell-4.swc,interneuron,132,1.0,1.0
lmeasure_rf,D:\Desktop\SWC-Studio\data\v9_merged_dataset\interneuron\swc\neuromorpho__T44a.swc,interneuron,4278,1.0,1.0
lmeasure_rf,D:\Desktop\SWC-Studio\data\v9_merged_dataset\interneuron\swc\neuromorpho__T75.swc,interneuron,2112,1.0,1.0
lmeasure_rf,D:\Desktop\SWC-Studio\data\v9_merged_dataset\interneuron\swc\neuromorpho__TDI21301009_cell5_L6_pia_WM.swc,interneuron,7179,1.0,1.0
lmeasure_rf,D:\Desktop\SWC-Studio\data\v9_merged_dataset\interneuron\swc\neuromorpho__TDI21301010_Cell6_pia.swc,interneuron,12183,1.0,1.0
lmeasure_rf,D:\Desktop\SWC-Studio\data\v9_merged_dataset\interneuron\swc\neuromorpho__TDI21301012_Cell11_pia.swc,interneuron,18817,1.0,1.0
lmeasure_rf,D:\Desktop\SWC-Studio\data\v9_merged_dataset\interneuron\swc\neuromorpho__TDI21301012_Cell1_pia.swc,interneuron,23328,1.0,1.0
lmeasure_rf,D:\Desktop\SWC-Studio\data\v9_merged_dataset\interneuron\swc\neuromorpho__TDI21301013_cell2_spines_pia.swc,interneuron,27195,1.0,1.0
lmeasure_rf,D:\Desktop\SWC-Studio\data\v9_merged_dataset\interneuron\swc\neuromorpho__TDI21301015_Cell1_pia.swc,interneuron,22332,1.0,1.0
lmeasure_rf,D:\Desktop\SWC-Studio\data\v9_merged_dataset\interneuron\swc\neuromorpho__TDI21301019_Cell3_spine_pia.swc,interneuron,14471,1.0,1.0
lmeasure_rf,D:\Desktop\SWC-Studio\data\v9_merged_dataset\interneuron\swc\neuromorpho__TDI21302012_cell3_pia.swc,interneuron,14049,1.0,1.0
lmeasure_rf,D:\Desktop\SWC-Studio\data\v9_merged_dataset\interneuron\swc\neuromorpho__TM-10-02-15-AR.swc,interneuron,45789,1.0,1.0
lmeasure_rf,D:\Desktop\SWC-Studio\data\v9_merged_dataset\interneuron\swc\neuromorpho__TT-3-20-14-1R.swc,interneuron,30744,1.0,1.0
lmeasure_rf,D:\Desktop\SWC-Studio\data\v9_merged_dataset\interneuron\swc\neuromorpho__Vip-IRES-Cre_Ai14-287858-04-01-01_596793095_m.swc,interneuron,13697,1.0,1.0
lmeasure_rf,D:\Desktop\SWC-Studio\data\v9_merged_dataset\interneuron\swc\neuromorpho__Vip-IRES-Cre_Ai14-294013-04-02-01_591275914_m.swc,interneuron,8105,1.0,1.0
lmeasure_rf,D:\Desktop\SWC-Studio\data\v9_merged_dataset\interneuron\swc\neuromorpho__Vipr2-IRES2-Cre_Ai14-316908-04-02-01_648577094_m.swc,interneuron,19130,1.0,1.0
lmeasure_rf,D:\Desktop\SWC-Studio\data\v9_merged_dataset\interneuron\swc\neuromorpho__Vipr2-IRES2-Cre_Pvalb-T2A-FlpO_Ai65-344474-05-01-01_645075400_m.swc,interneuron,14474,1.0,1.0
lmeasure_rf,D:\Desktop\SWC-Studio\data\v9_merged_dataset\interneuron\swc\neuromorpho__Vipr2-IRES2-Cre_Slc32a1-T2A-FlpO_Ai65-315067-04-02-01_610886090_m.swc,interneuron,8241,1.0,1.0
lmeasure_rf,D:\Desktop\SWC-Studio\data\v9_merged_dataset\interneuron\swc\neuromorpho__Vipr2-IRES2-Cre_Slc32a1-T2A-FlpO_Ai65-315067-05-02-01_610886173_m.swc,interneuron,10490,1.0,1.0
lmeasure_rf,D:\Desktop\SWC-Studio\data\v9_merged_dataset\interneuron\swc\neuromorpho__Vipr2-IRES2-Cre_Slc32a1-T2A-FlpO_Ai65-315072-05-01-01_638976782_m.swc,interneuron,14339,1.0,1.0
lmeasure_rf,D:\Desktop\SWC-Studio\data\v9_merged_dataset\pyramidal\swc\allen__H16.03.006.01.03.04_537313600.swc,pyramidal,25936,1.0,1.0
lmeasure_rf,D:\Desktop\SWC-Studio\data\v9_merged_dataset\pyramidal\swc\allen__H16.03.008.11.11.02_542137330.swc,pyramidal,8238,0.8998,0.9249
lmeasure_rf,D:\Desktop\SWC-Studio\data\v9_merged_dataset\pyramidal\swc\allen__H16.03.011.11.16.03_558211203.swc,pyramidal,5764,0.7229,0.7922
lmeasure_rf,D:\Desktop\SWC-Studio\data\v9_merged_dataset\pyramidal\swc\allen__H16.06.004.01.03.05_508309649.swc,pyramidal,31486,1.0,1.0
lmeasure_rf,D:\Desktop\SWC-Studio\data\v9_merged_dataset\pyramidal\swc\allen__H16.06.004.01.04.03_508282493.swc,pyramidal,10880,1.0,1.0
lmeasure_rf,D:\Desktop\SWC-Studio\data\v9_merged_dataset\pyramidal\swc\allen__H16.06.007.01.07.01_531517732.swc,pyramidal,17281,1.0,1.0
lmeasure_rf,D:\Desktop\SWC-Studio\data\v9_merged_dataset\pyramidal\swc\allen__H16.06.008.01.20.05_528042185.swc,pyramidal,7462,0.9012,0.9259
lmeasure_rf,D:\Desktop\SWC-Studio\data\v9_merged_dataset\pyramidal\swc\allen__H16.06.010.01.01.10.02_529898751.swc,pyramidal,22644,0.7694,0.827
lmeasure_rf,D:\Desktop\SWC-Studio\data\v9_merged_dataset\pyramidal\swc\allen__H16.06.010.01.02.18.02_529845713.swc,pyramidal,14807,1.0,1.0
lmeasure_rf,D:\Desktop\SWC-Studio\data\v9_merged_dataset\pyramidal\swc\allen__H17.03.002.11.03.01_569820130.swc,pyramidal,8509,1.0,1.0
lmeasure_rf,D:\Desktop\SWC-Studio\data\v9_merged_dataset\pyramidal\swc\allen__H17.03.002.11.04.04_569844159.swc,pyramidal,5107,0.6215,0.7162
lmeasure_rf,D:\Desktop\SWC-Studio\data\v9_merged_dataset\pyramidal\swc\allen__H17.03.010.11.13.06_601958555.swc,pyramidal,10449,1.0,1.0
lmeasure_rf,D:\Desktop\SWC-Studio\data\v9_merged_dataset\pyramidal\swc\allen__H17.06.005.12.15.04_571471295.swc,pyramidal,17244,0.5048,0.6286
lmeasure_rf,D:\Desktop\SWC-Studio\data\v9_merged_dataset\pyramidal\swc\allen__H17.06.005.12.16.03_571527806.swc,pyramidal,8165,0.6305,0.7229
lmeasure_rf,D:\Desktop\SWC-Studio\data\v9_merged_dataset\pyramidal\swc\allen__H17.06.005.13.05.06_571500474.swc,pyramidal,5576,0.6064,0.7048
lmeasure_rf,D:\Desktop\SWC-Studio\data\v9_merged_dataset\pyramidal\swc\allen__H17.06.006.11.08.02_571624532.swc,pyramidal,26161,1.0,1.0
lmeasure_rf,D:\Desktop\SWC-Studio\data\v9_merged_dataset\pyramidal\swc\allen__Nr5a1-Cre_Ai14-230422.05.01.01_502269786.swc,pyramidal,9910,0.5785,0.6838
lmeasure_rf,D:\Desktop\SWC-Studio\data\v9_merged_dataset\pyramidal\swc\hpf_ca1__201983_012_edited.swc,pyramidal,9410,0.9886,0.9914
lmeasure_rf,D:\Desktop\SWC-Studio\data\v9_merged_dataset\pyramidal\swc\hpf_ca1__201990_029_edited.swc,pyramidal,74990,1.0,1.0
lmeasure_rf,D:\Desktop\SWC-Studio\data\v9_merged_dataset\pyramidal\swc\hpf_ca1__202217_014_edited.swc,pyramidal,31115,1.0,1.0
lmeasure_rf,D:\Desktop\SWC-Studio\data\v9_merged_dataset\pyramidal\swc\hpf_ca1__202217_020_edited.swc,pyramidal,33093,1.0,1.0
lmeasure_rf,D:\Desktop\SWC-Studio\data\v9_merged_dataset\pyramidal\swc\hpf_ca1__202217_022_edited.swc,pyramidal,13624,1.0,1.0
lmeasure_rf,D:\Desktop\SWC-Studio\data\v9_merged_dataset\pyramidal\swc\hpf_ca1__202217_023_edited.swc,pyramidal,16882,1.0,1.0
lmeasure_rf,D:\Desktop\SWC-Studio\data\v9_merged_dataset\pyramidal\swc\hpf_ca1__202219_002_edited.swc,pyramidal,18678,1.0,1.0
lmeasure_rf,D:\Desktop\SWC-Studio\data\v9_merged_dataset\pyramidal\swc\hpf_ca1__202219_010_edited.swc,pyramidal,31281,0.9689,0.9767
lmeasure_rf,D:\Desktop\SWC-Studio\data\v9_merged_dataset\pyramidal\swc\hpf_ca1__202219_031_edited.swc,pyramidal,15259,1.0,1.0
lmeasure_rf,D:\Desktop\SWC-Studio\data\v9_merged_dataset\pyramidal\swc\hpf_ca1__202224_005_edited.swc,pyramidal,15471,0.575,0.6813
lmeasure_rf,D:\Desktop\SWC-Studio\data\v9_merged_dataset\pyramidal\swc\hpf_ca1__202225_004_edited.swc,pyramidal,44311,1.0,1.0
lmeasure_rf,D:\Desktop\SWC-Studio\data\v9_merged_dataset\pyramidal\swc\hpf_ca1__202226_005_edited.swc,pyramidal,30905,1.0,1.0
lmeasure_rf,D:\Desktop\SWC-Studio\data\v9_merged_dataset\pyramidal\swc\hpf_ca1__202230_010_edited.swc,pyramidal,23971,1.0,1.0
lmeasure_rf,D:\Desktop\SWC-Studio\data\v9_merged_dataset\pyramidal\swc\hpf_ca1__202232_020_edited.swc,pyramidal,22249,1.0,1.0
lmeasure_rf,D:\Desktop\SWC-Studio\data\v9_merged_dataset\pyramidal\swc\hpf_ca1__202232_022_edited.swc,pyramidal,118347,1.0,1.0
lmeasure_rf,D:\Desktop\SWC-Studio\data\v9_merged_dataset\pyramidal\swc\hpf_ca1__202232_069_edited.swc,pyramidal,14507,1.0,1.0
lmeasure_rf,D:\Desktop\SWC-Studio\data\v9_merged_dataset\pyramidal\swc\hpf_ca1__202232_071_edited.swc,pyramidal,16712,0.9997,0.9998
lmeasure_rf,D:\Desktop\SWC-Studio\data\v9_merged_dataset\pyramidal\swc\hpf_ca1__202233_010_edited.swc,pyramidal,89353,1.0,1.0
lmeasure_rf,D:\Desktop\SWC-Studio\data\v9_merged_dataset\pyramidal\swc\hpf_ca1__202233_014_edited.swc,pyramidal,21401,1.0,1.0
lmeasure_rf,D:\Desktop\SWC-Studio\data\v9_merged_dataset\pyramidal\swc\hpf_ca1__202234_014_edited.swc,pyramidal,13715,1.0,1.0
lmeasure_rf,D:\Desktop\SWC-Studio\data\v9_merged_dataset\pyramidal\swc\hpf_ca1__202234_026_edited.swc,pyramidal,105116,1.0,1.0
lmeasure_rf,D:\Desktop\SWC-Studio\data\v9_merged_dataset\pyramidal\swc\hpf_ca1__202237_014_edited.swc,pyramidal,82589,1.0,1.0
lmeasure_rf,D:\Desktop\SWC-Studio\data\v9_merged_dataset\pyramidal\swc\hpf_ca1__202237_022_edited.swc,pyramidal,37107,1.0,1.0
lmeasure_rf,D:\Desktop\SWC-Studio\data\v9_merged_dataset\pyramidal\swc\hpf_ca1__202237_028_edited.swc,pyramidal,29490,1.0,1.0
lmeasure_rf,D:\Desktop\SWC-Studio\data\v9_merged_dataset\pyramidal\swc\hpf_ca1__202237_030_edited.swc,pyramidal,37085,1.0,1.0
lmeasure_rf,D:\Desktop\SWC-Studio\data\v9_merged_dataset\pyramidal\swc\hpf_ca1__202237_155_edited.swc,pyramidal,48853,1.0,1.0
lmeasure_rf,D:\Desktop\SWC-Studio\data\v9_merged_dataset\pyramidal\swc\hpf_ca1__202238_010_edited.swc,pyramidal,40434,1.0,1.0
lmeasure_rf,D:\Desktop\SWC-Studio\data\v9_merged_dataset\pyramidal\swc\hpf_ca1__202238_011_edited.swc,pyramidal,31386,1.0,1.0
lmeasure_rf,D:\Desktop\SWC-Studio\data\v9_merged_dataset\pyramidal\swc\hpf_ca1__202238_016_edited.swc,pyramidal,19790,1.0,1.0
lmeasure_rf,D:\Desktop\SWC-Studio\data\v9_merged_dataset\pyramidal\swc\hpf_ca1__202238_020_edited.swc,pyramidal,57572,1.0,1.0
lmeasure_rf,D:\Desktop\SWC-Studio\data\v9_merged_dataset\pyramidal\swc\hpf_ca1__202240_013_edited.swc,pyramidal,61254,1.0,1.0
lmeasure_rf,D:\Desktop\SWC-Studio\data\v9_merged_dataset\pyramidal\swc\hpf_ca1__202240_021_edited.swc,pyramidal,18234,1.0,1.0
lmeasure_rf,D:\Desktop\SWC-Studio\data\v9_merged_dataset\pyramidal\swc\hpf_ca1__202241_005_edited.swc,pyramidal,22133,1.0,1.0
lmeasure_rf,D:\Desktop\SWC-Studio\data\v9_merged_dataset\pyramidal\swc\hpf_ca1__202241_012_edited.swc,pyramidal,12322,1.0,1.0
lmeasure_rf,D:\Desktop\SWC-Studio\data\v9_merged_dataset\pyramidal\swc\hpf_ca1__202242_002_edited.swc,pyramidal,29425,0.6388,0.7291
lmeasure_rf,D:\Desktop\SWC-Studio\data\v9_merged_dataset\pyramidal\swc\hpf_ca1__202242_004_edited.swc,pyramidal,11334,1.0,1.0
lmeasure_rf,D:\Desktop\SWC-Studio\data\v9_merged_dataset\pyramidal\swc\hpf_ca1__202243_010_edited.swc,pyramidal,20445,1.0,1.0
lmeasure_rf,D:\Desktop\SWC-Studio\data\v9_merged_dataset\pyramidal\swc\hpf_ca1__202243_015_edited.swc,pyramidal,6058,1.0,1.0
lmeasure_rf,D:\Desktop\SWC-Studio\data\v9_merged_dataset\pyramidal\swc\hpf_ca1__202244_004_edited.swc,pyramidal,18757,0.615,0.7112
lmeasure_rf,D:\Desktop\SWC-Studio\data\v9_merged_dataset\pyramidal\swc\hpf_ca1__202244_005_edited.swc,pyramidal,16774,1.0,1.0
lmeasure_rf,D:\Desktop\SWC-Studio\data\v9_merged_dataset\pyramidal\swc\hpf_ca1__202244_019_edited.swc,pyramidal,2467,0.5,0.6667
lmeasure_rf,D:\Desktop\SWC-Studio\data\v9_merged_dataset\pyramidal\swc\hpf_ca1__202246_001_edited.swc,pyramidal,32941,0.6557,0.7417
lmeasure_rf,D:\Desktop\SWC-Studio\data\v9_merged_dataset\pyramidal\swc\hpf_ca1__202246_025_edited.swc,pyramidal,31673,1.0,1.0
lmeasure_rf,D:\Desktop\SWC-Studio\data\v9_merged_dataset\pyramidal\swc\hpf_ca1__202248_016_edited.swc,pyramidal,14839,1.0,1.0
lmeasure_rf,D:\Desktop\SWC-Studio\data\v9_merged_dataset\pyramidal\swc\hpf_ca1__202248_022_edited.swc,pyramidal,13308,0.9998,0.9998
lmeasure_rf,D:\Desktop\SWC-Studio\data\v9_merged_dataset\pyramidal\swc\hpf_ca1__202248_024_edited.swc,pyramidal,24732,1.0,1.0
lmeasure_rf,D:\Desktop\SWC-Studio\data\v9_merged_dataset\pyramidal\swc\hpf_ca1__202249_008_edited.swc,pyramidal,24715,1.0,1.0
lmeasure_rf,D:\Desktop\SWC-Studio\data\v9_merged_dataset\pyramidal\swc\hpf_ca1__202250_004_edited.swc,pyramidal,30531,0.5351,0.6513
lmeasure_rf,D:\Desktop\SWC-Studio\data\v9_merged_dataset\pyramidal\swc\hpf_ca1__202252_002_edited.swc,pyramidal,25003,0.4522,0.5892
lmeasure_rf,D:\Desktop\SWC-Studio\data\v9_merged_dataset\pyramidal\swc\hpf_ca1__202252_010_edited.swc,pyramidal,11173,1.0,1.0
lmeasure_rf,D:\Desktop\SWC-Studio\data\v9_merged_dataset\pyramidal\swc\hpf_ca1__202259_054_edited.swc,pyramidal,26126,0.5212,0.6409
lmeasure_rf,D:\Desktop\SWC-Studio\data\v9_merged_dataset\pyramidal\swc\hpf_ca1__202259_063_edited.swc,pyramidal,85190,1.0,1.0
lmeasure_rf,D:\Desktop\SWC-Studio\data\v9_merged_dataset\pyramidal\swc\hpf_ca1__202259_070_edited.swc,pyramidal,55269,1.0,1.0
lmeasure_rf,D:\Desktop\SWC-Studio\data\v9_merged_dataset\pyramidal\swc\hpf_ca1__202259_079_edited.swc,pyramidal,54665,1.0,1.0
lmeasure_rf,D:\Desktop\SWC-Studio\data\v9_merged_dataset\pyramidal\swc\hpf_ca1__202261_006_edited.swc,pyramidal,48601,1.0,1.0
lmeasure_rf,D:\Desktop\SWC-Studio\data\v9_merged_dataset\pyramidal\swc\hpf_ca1__202261_023_edited.swc,pyramidal,38659,1.0,1.0
lmeasure_rf,D:\Desktop\SWC-Studio\data\v9_merged_dataset\pyramidal\swc\hpf_ca1__202264_036_edited.swc,pyramidal,45110,1.0,1.0
lmeasure_rf,D:\Desktop\SWC-Studio\data\v9_merged_dataset\pyramidal\swc\hpf_ca1__202266_009_edited.swc,pyramidal,37480,1.0,1.0
lmeasure_rf,D:\Desktop\SWC-Studio\data\v9_merged_dataset\pyramidal\swc\hpf_ca1__202271_146_edited.swc,pyramidal,15617,1.0,1.0
lmeasure_rf,D:\Desktop\SWC-Studio\data\v9_merged_dataset\pyramidal\swc\hpf_ca1__202272_102_edited.swc,pyramidal,43119,1.0,1.0
lmeasure_rf,D:\Desktop\SWC-Studio\data\v9_merged_dataset\pyramidal\swc\hpf_ca1__202274_087_edited.swc,pyramidal,20785,1.0,1.0
lmeasure_rf,D:\Desktop\SWC-Studio\data\v9_merged_dataset\pyramidal\swc\hpf_ca1__202274_093_edited.swc,pyramidal,35235,1.0,1.0
lmeasure_rf,D:\Desktop\SWC-Studio\data\v9_merged_dataset\pyramidal\swc\hpf_ca1__202392_001_edited.swc,pyramidal,34301,1.0,1.0
lmeasure_rf,D:\Desktop\SWC-Studio\data\v9_merged_dataset\pyramidal\swc\hpf_ca1__202392_002_edited.swc,pyramidal,62170,1.0,1.0
lmeasure_rf,D:\Desktop\SWC-Studio\data\v9_merged_dataset\pyramidal\swc\hpf_ca1__202393_002_edited.swc,pyramidal,59225,1.0,1.0
lmeasure_rf,D:\Desktop\SWC-Studio\data\v9_merged_dataset\pyramidal\swc\hpf_ca1__202396_035_edited.swc,pyramidal,48891,1.0,1.0
lmeasure_rf,D:\Desktop\SWC-Studio\data\v9_merged_dataset\pyramidal\swc\hpf_ca1__202396_051_edited.swc,pyramidal,44449,1.0,1.0
lmeasure_rf,D:\Desktop\SWC-Studio\data\v9_merged_dataset\pyramidal\swc\hpf_ca1__202396_173_edited.swc,pyramidal,75572,0.5842,0.6882
lmeasure_rf,D:\Desktop\SWC-Studio\data\v9_merged_dataset\pyramidal\swc\hpf_ca1__202396_184_edited.swc,pyramidal,45900,1.0,1.0
lmeasure_rf,D:\Desktop\SWC-Studio\data\v9_merged_dataset\pyramidal\swc\hpf_ca1__202399_012_edited.swc,pyramidal,47774,1.0,1.0
lmeasure_rf,D:\Desktop\SWC-Studio\data\v9_merged_dataset\pyramidal\swc\hpf_ca1__202400_008_edited.swc,pyramidal,18099,1.0,1.0
lmeasure_rf,D:\Desktop\SWC-Studio\data\v9_merged_dataset\pyramidal\swc\hpf_ca1__202400_018_edited.swc,pyramidal,74049,1.0,1.0
lmeasure_rf,D:\Desktop\SWC-Studio\data\v9_merged_dataset\pyramidal\swc\hpf_ca1__202400_033_edited.swc,pyramidal,66082,1.0,1.0
lmeasure_rf,D:\Desktop\SWC-Studio\data\v9_merged_dataset\pyramidal\swc\hpf_ca1__202400_049_edited.swc,pyramidal,14459,1.0,1.0
lmeasure_rf,D:\Desktop\SWC-Studio\data\v9_merged_dataset\pyramidal\swc\hpf_ca1__202400_117_edited.swc,pyramidal,21137,1.0,1.0
lmeasure_rf,D:\Desktop\SWC-Studio\data\v9_merged_dataset\pyramidal\swc\hpf_ca1__202401_144_edited.swc,pyramidal,50041,1.0,1.0
lmeasure_rf,D:\Desktop\SWC-Studio\data\v9_merged_dataset\pyramidal\swc\hpf_ca1__202401_205_edited.swc,pyramidal,68475,1.0,1.0
lmeasure_rf,D:\Desktop\SWC-Studio\data\v9_merged_dataset\pyramidal\swc\hpf_ca1__202401_229_edited.swc,pyramidal,63673,1.0,1.0
lmeasure_rf,D:\Desktop\SWC-Studio\data\v9_merged_dataset\pyramidal\swc\hpf_ca1__202402_015_edited.swc,pyramidal,40277,1.0,1.0
lmeasure_rf,D:\Desktop\SWC-Studio\data\v9_merged_dataset\pyramidal\swc\hpf_ca1__202402_016_edited.swc,pyramidal,15991,1.0,1.0
lmeasure_rf,D:\Desktop\SWC-Studio\data\v9_merged_dataset\pyramidal\swc\hpf_ca1__202402_025_edited.swc,pyramidal,52984,1.0,1.0
lmeasure_rf,D:\Desktop\SWC-Studio\data\v9_merged_dataset\pyramidal\swc\hpf_ca1__202402_054_edited.swc,pyramidal,42176,1.0,1.0
lmeasure_rf,D:\Desktop\SWC-Studio\data\v9_merged_dataset\pyramidal\swc\hpf_ca1__202403_125_edited.swc,pyramidal,85402,1.0,1.0
lmeasure_rf,D:\Desktop\SWC-Studio\data\v9_merged_dataset\pyramidal\swc\hpf_ca1__202403_126_edited.swc,pyramidal,104418,1.0,1.0
lmeasure_rf,D:\Desktop\SWC-Studio\data\v9_merged_dataset\pyramidal\swc\hpf_ca1__202403_129_edited.swc,pyramidal,119979,1.0,1.0
lmeasure_rf,D:\Desktop\SWC-Studio\data\v9_merged_dataset\pyramidal\swc\hpf_ca1__202404_041_edited.swc,pyramidal,53487,1.0,1.0
lmeasure_rf,D:\Desktop\SWC-Studio\data\v9_merged_dataset\pyramidal\swc\hpf_ca1__202410_008_edited.swc,pyramidal,18551,1.0,1.0
lmeasure_rf,D:\Desktop\SWC-Studio\data\v9_merged_dataset\pyramidal\swc\hpf_ca1__202411_004_edited.swc,pyramidal,17173,1.0,1.0
lmeasure_rf,D:\Desktop\SWC-Studio\data\v9_merged_dataset\pyramidal\swc\hpf_ca1__202411_007_edited.swc,pyramidal,18419,1.0,1.0
lmeasure_rf,D:\Desktop\SWC-Studio\data\v9_merged_dataset\pyramidal\swc\hpf_ca1__202412_006_edited.swc,pyramidal,9604,1.0,1.0
lmeasure_rf,D:\Desktop\SWC-Studio\data\v9_merged_dataset\pyramidal\swc\hpf_ca1__202412_007_edited.swc,pyramidal,78263,1.0,1.0
lmeasure_rf,D:\Desktop\SWC-Studio\data\v9_merged_dataset\pyramidal\swc\hpf_ca1__202412_009_edited.swc,pyramidal,36311,1.0,1.0
lmeasure_rf,D:\Desktop\SWC-Studio\data\v9_merged_dataset\pyramidal\swc\hpf_ca1__202412_013_edited.swc,pyramidal,38894,1.0,1.0
lmeasure_rf,D:\Desktop\SWC-Studio\data\v9_merged_dataset\pyramidal\swc\hpf_ca1__202413_061_edited.swc,pyramidal,77986,1.0,1.0
lmeasure_rf,D:\Desktop\SWC-Studio\data\v9_merged_dataset\pyramidal\swc\hpf_ca1__202414_008_edited.swc,pyramidal,81211,1.0,1.0
lmeasure_rf,D:\Desktop\SWC-Studio\data\v9_merged_dataset\pyramidal\swc\hpf_ca1__202414_260_edited.swc,pyramidal,31302,1.0,1.0
lmeasure_rf,D:\Desktop\SWC-Studio\data\v9_merged_dataset\pyramidal\swc\hpf_ca1__202414_448_edited.swc,pyramidal,98179,1.0,1.0
lmeasure_rf,D:\Desktop\SWC-Studio\data\v9_merged_dataset\pyramidal\swc\hpf_ca1__202414_533_edited.swc,pyramidal,90455,1.0,1.0
lmeasure_rf,D:\Desktop\SWC-Studio\data\v9_merged_dataset\pyramidal\swc\hpf_ca1__202414_540_edited.swc,pyramidal,62719,1.0,1.0
lmeasure_rf,D:\Desktop\SWC-Studio\data\v9_merged_dataset\pyramidal\swc\hpf_ca1__202415_026_edited.swc,pyramidal,81121,1.0,1.0
lmeasure_rf,D:\Desktop\SWC-Studio\data\v9_merged_dataset\pyramidal\swc\hpf_ca1__202415_035_edited.swc,pyramidal,39108,1.0,1.0
lmeasure_rf,D:\Desktop\SWC-Studio\data\v9_merged_dataset\pyramidal\swc\hpf_ca1__202417_006_edited.swc,pyramidal,36956,1.0,1.0
lmeasure_rf,D:\Desktop\SWC-Studio\data\v9_merged_dataset\pyramidal\swc\hpf_ca1__202422_010_edited.swc,pyramidal,15440,1.0,1.0
lmeasure_rf,D:\Desktop\SWC-Studio\data\v9_merged_dataset\pyramidal\swc\hpf_ca1__202423_003_edited.swc,pyramidal,62691,1.0,1.0
lmeasure_rf,D:\Desktop\SWC-Studio\data\v9_merged_dataset\pyramidal\swc\hpf_ca1__202423_004_edited.swc,pyramidal,31408,1.0,1.0
lmeasure_rf,D:\Desktop\SWC-Studio\data\v9_merged_dataset\pyramidal\swc\hpf_ca1__202423_009_edited.swc,pyramidal,48791,1.0,1.0
lmeasure_rf,D:\Desktop\SWC-Studio\data\v9_merged_dataset\pyramidal\swc\hpf_ca1__202423_013_edited.swc,pyramidal,45777,1.0,1.0
lmeasure_rf,D:\Desktop\SWC-Studio\data\v9_merged_dataset\pyramidal\swc\hpf_ca1__202423_018_edited.swc,pyramidal,12551,1.0,1.0
lmeasure_rf,D:\Desktop\SWC-Studio\data\v9_merged_dataset\pyramidal\swc\hpf_ca1__202423_033_edited.swc,pyramidal,59489,1.0,1.0
lmeasure_rf,D:\Desktop\SWC-Studio\data\v9_merged_dataset\pyramidal\swc\hpf_ca1__202426_024_edited.swc,pyramidal,17150,1.0,1.0
lmeasure_rf,D:\Desktop\SWC-Studio\data\v9_merged_dataset\pyramidal\swc\hpf_ca1__202426_025_edited.swc,pyramidal,29420,1.0,1.0
lmeasure_rf,D:\Desktop\SWC-Studio\data\v9_merged_dataset\pyramidal\swc\hpf_ca1__202426_026_edited.swc,pyramidal,17563,1.0,1.0
lmeasure_rf,D:\Desktop\SWC-Studio\data\v9_merged_dataset\pyramidal\swc\hpf_ca1__202426_044_edited.swc,pyramidal,62280,1.0,1.0
lmeasure_rf,D:\Desktop\SWC-Studio\data\v9_merged_dataset\pyramidal\swc\hpf_ca1__202426_055_edited.swc,pyramidal,104139,1.0,1.0
lmeasure_rf,D:\Desktop\SWC-Studio\data\v9_merged_dataset\pyramidal\swc\hpf_ca1__202426_098_edited.swc,pyramidal,45169,1.0,1.0
lmeasure_rf,D:\Desktop\SWC-Studio\data\v9_merged_dataset\pyramidal\swc\hpf_ca1__202426_132_edited.swc,pyramidal,64236,1.0,1.0
lmeasure_rf,D:\Desktop\SWC-Studio\data\v9_merged_dataset\pyramidal\swc\hpf_ca1__202427_048_edited.swc,pyramidal,51550,1.0,1.0
lmeasure_rf,D:\Desktop\SWC-Studio\data\v9_merged_dataset\pyramidal\swc\hpf_ca1__202427_143_edited.swc,pyramidal,84679,1.0,1.0
lmeasure_rf,D:\Desktop\SWC-Studio\data\v9_merged_dataset\pyramidal\swc\hpf_ca1__202428_037_edited.swc,pyramidal,42644,1.0,1.0
lmeasure_rf,D:\Desktop\SWC-Studio\data\v9_merged_dataset\pyramidal\swc\hpf_ca1__202461_009_edited.swc,pyramidal,55879,1.0,1.0
lmeasure_rf,D:\Desktop\SWC-Studio\data\v9_merged_dataset\pyramidal\swc\hpf_ca1__202461_027_edited.swc,pyramidal,51205,1.0,1.0
lmeasure_rf,D:\Desktop\SWC-Studio\data\v9_merged_dataset\pyramidal\swc\hpf_ca1__202497_009_edited.swc,pyramidal,66021,1.0,1.0
lmeasure_rf,D:\Desktop\SWC-Studio\data\v9_merged_dataset\pyramidal\swc\hpf_ca1__202497_020_edited.swc,pyramidal,32754,1.0,1.0
lmeasure_rf,D:\Desktop\SWC-Studio\data\v9_merged_dataset\pyramidal\swc\hpf_ca1__202497_022_edited.swc,pyramidal,43240,1.0,1.0
lmeasure_rf,D:\Desktop\SWC-Studio\data\v9_merged_dataset\pyramidal\swc\hpf_ca1__202498_003_edited.swc,pyramidal,32575,1.0,1.0
lmeasure_rf,D:\Desktop\SWC-Studio\data\v9_merged_dataset\pyramidal\swc\hpf_ca1__202499_016_edited.swc,pyramidal,34267,1.0,1.0
lmeasure_rf,D:\Desktop\SWC-Studio\data\v9_merged_dataset\pyramidal\swc\hpf_ca1__202499_017_edited.swc,pyramidal,22802,1.0,1.0
lmeasure_rf,D:\Desktop\SWC-Studio\data\v9_merged_dataset\pyramidal\swc\hpf_ca1__202499_020_edited.swc,pyramidal,48925,1.0,1.0
lmeasure_rf,D:\Desktop\SWC-Studio\data\v9_merged_dataset\pyramidal\swc\hpf_ca1__202500_003_edited.swc,pyramidal,58304,1.0,1.0
lmeasure_rf,D:\Desktop\SWC-Studio\data\v9_merged_dataset\pyramidal\swc\hpf_ca1__202500_006_edited.swc,pyramidal,26976,1.0,1.0
lmeasure_rf,D:\Desktop\SWC-Studio\data\v9_merged_dataset\pyramidal\swc\hpf_ca1__202500_007_edited.swc,pyramidal,37389,1.0,1.0
lmeasure_rf,D:\Desktop\SWC-Studio\data\v9_merged_dataset\pyramidal\swc\hpf_ca1__202501_006_edited.swc,pyramidal,20666,1.0,1.0
lmeasure_rf,D:\Desktop\SWC-Studio\data\v9_merged_dataset\pyramidal\swc\hpf_ca1__202501_017_edited.swc,pyramidal,48046,1.0,1.0
lmeasure_rf,D:\Desktop\SWC-Studio\data\v9_merged_dataset\pyramidal\swc\hpf_ca1__202501_019_edited.swc,pyramidal,48560,1.0,1.0
lmeasure_rf,D:\Desktop\SWC-Studio\data\v9_merged_dataset\pyramidal\swc\hpf_ca1__202503_021_edited.swc,pyramidal,79598,1.0,1.0
lmeasure_rf,D:\Desktop\SWC-Studio\data\v9_merged_dataset\pyramidal\swc\hpf_ca1__202503_024_edited.swc,pyramidal,95221,1.0,1.0
lmeasure_rf,D:\Desktop\SWC-Studio\data\v9_merged_dataset\pyramidal\swc\hpf_ca1__202503_036_edited.swc,pyramidal,51159,1.0,1.0
lmeasure_rf,D:\Desktop\SWC-Studio\data\v9_merged_dataset\pyramidal\swc\hpf_ca1__202506_008_edited.swc,pyramidal,45733,1.0,1.0
lmeasure_rf,D:\Desktop\SWC-Studio\data\v9_merged_dataset\pyramidal\swc\hpf_ca1__202506_039_edited.swc,pyramidal,66475,0.594,0.6955
lmeasure_rf,D:\Desktop\SWC-Studio\data\v9_merged_dataset\pyramidal\swc\hpf_ca1__202508_010_edited.swc,pyramidal,53598,1.0,1.0
lmeasure_rf,D:\Desktop\SWC-Studio\data\v9_merged_dataset\pyramidal\swc\hpf_ca1__202544_027_edited.swc,pyramidal,99432,1.0,1.0
lmeasure_rf,D:\Desktop\SWC-Studio\data\v9_merged_dataset\pyramidal\swc\hpf_ca1__202567_006_edited.swc,pyramidal,15168,1.0,1.0
lmeasure_rf,D:\Desktop\SWC-Studio\data\v9_merged_dataset\pyramidal\swc\hpf_ca1__202664_003_edited.swc,pyramidal,16562,1.0,1.0
lmeasure_rf,D:\Desktop\SWC-Studio\data\v9_merged_dataset\pyramidal\swc\hpf_ca1__202666_014_edited.swc,pyramidal,12210,1.0,1.0
lmeasure_rf,D:\Desktop\SWC-Studio\data\v9_merged_dataset\pyramidal\swc\hpf_ca1__202668_014_edited.swc,pyramidal,16138,1.0,1.0
lmeasure_rf,D:\Desktop\SWC-Studio\data\v9_merged_dataset\pyramidal\swc\hpf_ca1__202668_019_edited.swc,pyramidal,29031,1.0,1.0
lmeasure_rf,D:\Desktop\SWC-Studio\data\v9_merged_dataset\pyramidal\swc\hpf_ca1__202669_007_edited.swc,pyramidal,36337,1.0,1.0
lmeasure_rf,D:\Desktop\SWC-Studio\data\v9_merged_dataset\pyramidal\swc\hpf_ca1__202669_013_edited.swc,pyramidal,20572,1.0,1.0
lmeasure_rf,D:\Desktop\SWC-Studio\data\v9_merged_dataset\pyramidal\swc\hpf_ca1__202669_017_edited.swc,pyramidal,28523,1.0,1.0
lmeasure_rf,D:\Desktop\SWC-Studio\data\v9_merged_dataset\pyramidal\swc\hpf_ca1__202674_009_edited.swc,pyramidal,26981,1.0,1.0
lmeasure_rf,D:\Desktop\SWC-Studio\data\v9_merged_dataset\pyramidal\swc\hpf_ca1__202674_013_edited.swc,pyramidal,58379,1.0,1.0
lmeasure_rf,D:\Desktop\SWC-Studio\data\v9_merged_dataset\pyramidal\swc\hpf_ca1__202679_024_edited.swc,pyramidal,22117,1.0,1.0
lmeasure_rf,D:\Desktop\SWC-Studio\data\v9_merged_dataset\pyramidal\swc\hpf_ca1__202679_026_edited.swc,pyramidal,23480,1.0,1.0
lmeasure_rf,D:\Desktop\SWC-Studio\data\v9_merged_dataset\pyramidal\swc\hpf_ca1__202680_013_edited.swc,pyramidal,16285,1.0,1.0
lmeasure_rf,D:\Desktop\SWC-Studio\data\v9_merged_dataset\pyramidal\swc\hpf_ca1__202680_015_edited.swc,pyramidal,16893,1.0,1.0
lmeasure_rf,D:\Desktop\SWC-Studio\data\v9_merged_dataset\pyramidal\swc\hpf_ca1__202680_018_edited.swc,pyramidal,30856,1.0,1.0
lmeasure_rf,D:\Desktop\SWC-Studio\data\v9_merged_dataset\pyramidal\swc\hpf_ca1__202680_030_edited.swc,pyramidal,27997,1.0,1.0
lmeasure_rf,D:\Desktop\SWC-Studio\data\v9_merged_dataset\pyramidal\swc\hpf_ca1__202681_018_edited.swc,pyramidal,12527,1.0,1.0
lmeasure_rf,D:\Desktop\SWC-Studio\data\v9_merged_dataset\pyramidal\swc\hpf_ca1__202682_007_edited.swc,pyramidal,13300,1.0,1.0
lmeasure_rf,D:\Desktop\SWC-Studio\data\v9_merged_dataset\pyramidal\swc\hpf_ca1__202682_014_edited.swc,pyramidal,18206,1.0,1.0
lmeasure_rf,D:\Desktop\SWC-Studio\data\v9_merged_dataset\pyramidal\swc\hpf_ca1__202682_018_edited.swc,pyramidal,18449,1.0,1.0
lmeasure_rf,D:\Desktop\SWC-Studio\data\v9_merged_dataset\pyramidal\swc\hpf_ca1__202682_019_edited.swc,pyramidal,13959,1.0,1.0
lmeasure_rf,D:\Desktop\SWC-Studio\data\v9_merged_dataset\pyramidal\swc\hpf_ca1__202803_002_edited.swc,pyramidal,58789,1.0,1.0
lmeasure_rf,D:\Desktop\SWC-Studio\data\v9_merged_dataset\pyramidal\swc\hpf_ca1__202807_027_edited.swc,pyramidal,100541,1.0,1.0
lmeasure_rf,D:\Desktop\SWC-Studio\data\v9_merged_dataset\pyramidal\swc\hpf_ca1__202809_005_edited.swc,pyramidal,42184,1.0,1.0
lmeasure_rf,D:\Desktop\SWC-Studio\data\v9_merged_dataset\pyramidal\swc\hpf_ca1__202829_024_edited.swc,pyramidal,13498,1.0,1.0
lmeasure_rf,D:\Desktop\SWC-Studio\data\v9_merged_dataset\pyramidal\swc\hpf_ca1__202829_027_edited.swc,pyramidal,18712,1.0,1.0
lmeasure_rf,D:\Desktop\SWC-Studio\data\v9_merged_dataset\pyramidal\swc\hpf_ca1__202829_049_edited.swc,pyramidal,46877,1.0,1.0
lmeasure_rf,D:\Desktop\SWC-Studio\data\v9_merged_dataset\pyramidal\swc\hpf_ca1__202829_091_edited.swc,pyramidal,20396,1.0,1.0
lmeasure_rf,D:\Desktop\SWC-Studio\data\v9_merged_dataset\pyramidal\swc\hpf_ca1__202829_094_edited.swc,pyramidal,20062,1.0,1.0
lmeasure_rf,D:\Desktop\SWC-Studio\data\v9_merged_dataset\pyramidal\swc\hpf_ca1__202829_110_edited.swc,pyramidal,14780,1.0,1.0
lmeasure_rf,D:\Desktop\SWC-Studio\data\v9_merged_dataset\pyramidal\swc\hpf_ca1__210009_021_edited.swc,pyramidal,19813,1.0,1.0
lmeasure_rf,D:\Desktop\SWC-Studio\data\v9_merged_dataset\pyramidal\swc\hpf_ca1__210009_025_edited.swc,pyramidal,31946,1.0,1.0
lmeasure_rf,D:\Desktop\SWC-Studio\data\v9_merged_dataset\pyramidal\swc\hpf_ca1__210013_013_edited.swc,pyramidal,53052,1.0,1.0
lmeasure_rf,D:\Desktop\SWC-Studio\data\v9_merged_dataset\pyramidal\swc\hpf_ca1__210014_017_edited.swc,pyramidal,62516,1.0,1.0
lmeasure_rf,D:\Desktop\SWC-Studio\data\v9_merged_dataset\pyramidal\swc\hpf_ca1__210014_024_edited.swc,pyramidal,56052,1.0,1.0
lmeasure_rf,D:\Desktop\SWC-Studio\data\v9_merged_dataset\pyramidal\swc\hpf_ca1__210014_033_edited.swc,pyramidal,73147,1.0,1.0
lmeasure_rf,D:\Desktop\SWC-Studio\data\v9_merged_dataset\pyramidal\swc\hpf_ca1__210014_035_edited.swc,pyramidal,22812,1.0,1.0
lmeasure_rf,D:\Desktop\SWC-Studio\data\v9_merged_dataset\pyramidal\swc\hpf_ca1__210014_050_edited.swc,pyramidal,25357,1.0,1.0
lmeasure_rf,D:\Desktop\SWC-Studio\data\v9_merged_dataset\pyramidal\swc\hpf_ca1__210014_069_edited.swc,pyramidal,17111,1.0,1.0
lmeasure_rf,D:\Desktop\SWC-Studio\data\v9_merged_dataset\pyramidal\swc\hpf_ca1__210014_070_edited.swc,pyramidal,12944,1.0,1.0
lmeasure_rf,D:\Desktop\SWC-Studio\data\v9_merged_dataset\pyramidal\swc\hpf_ca1__210107_014_edited.swc,pyramidal,25819,1.0,1.0
lmeasure_rf,D:\Desktop\SWC-Studio\data\v9_merged_dataset\pyramidal\swc\hpf_ca1__210107_018_edited.swc,pyramidal,19372,1.0,1.0
lmeasure_rf,D:\Desktop\SWC-Studio\data\v9_merged_dataset\pyramidal\swc\hpf_ca1__210107_026_edited.swc,pyramidal,17838,1.0,1.0
lmeasure_rf,D:\Desktop\SWC-Studio\data\v9_merged_dataset\pyramidal\swc\hpf_ca1__210107_029_edited.swc,pyramidal,12726,0.3333,0.5
lmeasure_rf,D:\Desktop\SWC-Studio\data\v9_merged_dataset\pyramidal\swc\hpf_ca1__210107_034_edited.swc,pyramidal,23453,0.6004,0.7003
lmeasure_rf,D:\Desktop\SWC-Studio\data\v9_merged_dataset\pyramidal\swc\hpf_ca1__210107_053_edited.swc,pyramidal,15647,1.0,1.0
lmeasure_rf,D:\Desktop\SWC-Studio\data\v9_merged_dataset\pyramidal\swc\hpf_ca1__210109_005_edited.swc,pyramidal,66088,1.0,1.0
lmeasure_rf,D:\Desktop\SWC-Studio\data\v9_merged_dataset\pyramidal\swc\hpf_ca1__210109_012_edited.swc,pyramidal,24637,1.0,1.0
lmeasure_rf,D:\Desktop\SWC-Studio\data\v9_merged_dataset\pyramidal\swc\hpf_ca1__210109_015_edited.swc,pyramidal,23982,0.5921,0.6941
lmeasure_rf,D:\Desktop\SWC-Studio\data\v9_merged_dataset\pyramidal\swc\hpf_ca1__210109_025_edited.swc,pyramidal,16445,1.0,1.0
lmeasure_rf,D:\Desktop\SWC-Studio\data\v9_merged_dataset\pyramidal\swc\hpf_ca1__210110_003_edited.swc,pyramidal,26920,1.0,1.0
lmeasure_rf,D:\Desktop\SWC-Studio\data\v9_merged_dataset\pyramidal\swc\hpf_ca1__210110_008_edited.swc,pyramidal,15109,1.0,1.0
lmeasure_rf,D:\Desktop\SWC-Studio\data\v9_merged_dataset\pyramidal\swc\hpf_ca1__210110_013_edited.swc,pyramidal,19400,1.0,1.0
lmeasure_rf,D:\Desktop\SWC-Studio\data\v9_merged_dataset\pyramidal\swc\hpf_ca1__210110_034_edited.swc,pyramidal,21694,1.0,1.0
lmeasure_rf,D:\Desktop\SWC-Studio\data\v9_merged_dataset\pyramidal\swc\hpf_ca1__210110_047_edited.swc,pyramidal,12428,1.0,1.0
lmeasure_rf,D:\Desktop\SWC-Studio\data\v9_merged_dataset\pyramidal\swc\hpf_ca1__210110_054_edited.swc,pyramidal,62732,1.0,1.0
lmeasure_rf,D:\Desktop\SWC-Studio\data\v9_merged_dataset\pyramidal\swc\hpf_ca1__210110_057_edited.swc,pyramidal,26528,1.0,1.0
lmeasure_rf,D:\Desktop\SWC-Studio\data\v9_merged_dataset\pyramidal\swc\hpf_ca1__210111_011_edited.swc,pyramidal,30565,1.0,1.0
lmeasure_rf,D:\Desktop\SWC-Studio\data\v9_merged_dataset\pyramidal\swc\hpf_ca1__210111_014_edited.swc,pyramidal,17850,1.0,1.0
lmeasure_rf,D:\Desktop\SWC-Studio\data\v9_merged_dataset\pyramidal\swc\hpf_ca1__210111_016_edited.swc,pyramidal,25883,0.6122,0.7091
lmeasure_rf,D:\Desktop\SWC-Studio\data\v9_merged_dataset\pyramidal\swc\hpf_ca1__210111_100_edited.swc,pyramidal,18638,1.0,1.0
lmeasure_rf,D:\Desktop\SWC-Studio\data\v9_merged_dataset\pyramidal\swc\hpf_ca1__210131_004_edited.swc,pyramidal,16567,1.0,1.0
lmeasure_rf,D:\Desktop\SWC-Studio\data\v9_merged_dataset\pyramidal\swc\hpf_ca1__210131_005_edited.swc,pyramidal,16445,1.0,1.0
lmeasure_rf,D:\Desktop\SWC-Studio\data\v9_merged_dataset\pyramidal\swc\hpf_ca1__210132_003_edited.swc,pyramidal,14079,1.0,1.0
lmeasure_rf,D:\Desktop\SWC-Studio\data\v9_merged_dataset\pyramidal\swc\hpf_ca1__210248_008_edited.swc,pyramidal,24916,1.0,1.0
lmeasure_rf,D:\Desktop\SWC-Studio\data\v9_merged_dataset\pyramidal\swc\hpf_ca1__210249_005_edited.swc,pyramidal,29807,1.0,1.0
lmeasure_rf,D:\Desktop\SWC-Studio\data\v9_merged_dataset\pyramidal\swc\hpf_ca1__210253_028_edited.swc,pyramidal,46407,1.0,1.0
lmeasure_rf,D:\Desktop\SWC-Studio\data\v9_merged_dataset\pyramidal\swc\hpf_ca1__210668_015_edited.swc,pyramidal,49748,1.0,1.0
lmeasure_rf,D:\Desktop\SWC-Studio\data\v9_merged_dataset\pyramidal\swc\hpf_ca1__210669_016_edited.swc,pyramidal,19240,1.0,1.0
lmeasure_rf,D:\Desktop\SWC-Studio\data\v9_merged_dataset\pyramidal\swc\hpf_ca1__210670_015_edited.swc,pyramidal,10400,1.0,1.0
lmeasure_rf,D:\Desktop\SWC-Studio\data\v9_merged_dataset\pyramidal\swc\hpf_ca1__210670_023_edited.swc,pyramidal,17822,1.0,1.0
lmeasure_rf,D:\Desktop\SWC-Studio\data\v9_merged_dataset\pyramidal\swc\hpf_ca1__210670_030_edited.swc,pyramidal,64296,1.0,1.0
lmeasure_rf,D:\Desktop\SWC-Studio\data\v9_merged_dataset\pyramidal\swc\hpf_ca1__210671_026_edited.swc,pyramidal,32120,1.0,1.0
lmeasure_rf,D:\Desktop\SWC-Studio\data\v9_merged_dataset\pyramidal\swc\hpf_ca1__210671_033_edited.swc,pyramidal,30989,1.0,1.0
lmeasure_rf,D:\Desktop\SWC-Studio\data\v9_merged_dataset\pyramidal\swc\hpf_ca1__210671_036_edited.swc,pyramidal,54496,1.0,1.0
lmeasure_rf,D:\Desktop\SWC-Studio\data\v9_merged_dataset\pyramidal\swc\hpf_ca1__210671_037_edited.swc,pyramidal,16483,1.0,1.0
lmeasure_rf,D:\Desktop\SWC-Studio\data\v9_merged_dataset\pyramidal\swc\hpf_ca1__210671_061_edited.swc,pyramidal,31839,1.0,1.0
lmeasure_rf,D:\Desktop\SWC-Studio\data\v9_merged_dataset\pyramidal\swc\hpf_ca1__210671_062_edited.swc,pyramidal,65754,1.0,1.0
lmeasure_rf,D:\Desktop\SWC-Studio\data\v9_merged_dataset\pyramidal\swc\hpf_ca1__210671_066_edited.swc,pyramidal,17967,1.0,1.0
lmeasure_rf,D:\Desktop\SWC-Studio\data\v9_merged_dataset\pyramidal\swc\hpf_ca1__210698_006_edited.swc,pyramidal,5408,1.0,1.0
lmeasure_rf,D:\Desktop\SWC-Studio\data\v9_merged_dataset\pyramidal\swc\hpf_ca1__210700_004_edited.swc,pyramidal,10312,1.0,1.0
lmeasure_rf,D:\Desktop\SWC-Studio\data\v9_merged_dataset\pyramidal\swc\hpf_ca1__210701_016_edited.swc,pyramidal,17884,1.0,1.0
lmeasure_rf,D:\Desktop\SWC-Studio\data\v9_merged_dataset\pyramidal\swc\hpf_ca1__210701_018_edited.swc,pyramidal,12621,1.0,1.0
lmeasure_rf,D:\Desktop\SWC-Studio\data\v9_merged_dataset\pyramidal\swc\hpf_ca1__210705_006_edited.swc,pyramidal,7450,1.0,1.0
lmeasure_rf,D:\Desktop\SWC-Studio\data\v9_merged_dataset\pyramidal\swc\hpf_ca1__210705_011_edited.swc,pyramidal,12317,1.0,1.0
lmeasure_rf,D:\Desktop\SWC-Studio\data\v9_merged_dataset\pyramidal\swc\hpf_ca1__210711_018_edited.swc,pyramidal,22248,1.0,1.0
lmeasure_rf,D:\Desktop\SWC-Studio\data\v9_merged_dataset\pyramidal\swc\hpf_ca1__210711_026_edited.swc,pyramidal,17814,1.0,1.0
lmeasure_rf,D:\Desktop\SWC-Studio\data\v9_merged_dataset\pyramidal\swc\lab__202232_004_edited.swc,pyramidal,18766,1.0,1.0
lmeasure_rf,D:\Desktop\SWC-Studio\data\v9_merged_dataset\pyramidal\swc\lab__202234_016_edited.swc,pyramidal,28322,1.0,1.0
lmeasure_rf,D:\Desktop\SWC-Studio\data\v9_merged_dataset\pyramidal\swc\lab__202234_018_edited.swc,pyramidal,3764,1.0,1.0
lmeasure_rf,D:\Desktop\SWC-Studio\data\v9_merged_dataset\pyramidal\swc\lab__202234_029_edited.swc,pyramidal,15181,1.0,1.0
lmeasure_rf,D:\Desktop\SWC-Studio\data\v9_merged_dataset\pyramidal\swc\lab__202240_020_edited.swc,pyramidal,13922,1.0,1.0
lmeasure_rf,D:\Desktop\SWC-Studio\data\v9_merged_dataset\pyramidal\swc\lab__202242_002_edited.swc,pyramidal,29425,0.6388,0.7291
lmeasure_rf,D:\Desktop\SWC-Studio\data\v9_merged_dataset\pyramidal\swc\lab__202242_004_edited.swc,pyramidal,11334,1.0,1.0
lmeasure_rf,D:\Desktop\SWC-Studio\data\v9_merged_dataset\pyramidal\swc\lab__202249_006_edited.swc,pyramidal,71048,1.0,1.0
lmeasure_rf,D:\Desktop\SWC-Studio\data\v9_merged_dataset\pyramidal\swc\lab__202250_004_edited.swc,pyramidal,30531,0.5351,0.6513
lmeasure_rf,D:\Desktop\SWC-Studio\data\v9_merged_dataset\pyramidal\swc\lab__202251_031_edited.swc,pyramidal,14983,1.0,1.0
lmeasure_rf,D:\Desktop\SWC-Studio\data\v9_merged_dataset\pyramidal\swc\lab__202252_007_edited.swc,pyramidal,24544,1.0,1.0
lmeasure_rf,D:\Desktop\SWC-Studio\data\v9_merged_dataset\pyramidal\swc\lab__202252_015_edited.swc,pyramidal,16734,0.7283,0.8189
lmeasure_rf,D:\Desktop\SWC-Studio\data\v9_merged_dataset\pyramidal\swc\lab__202271_141_edited.swc,pyramidal,64088,0.9003,0.9335
lmeasure_rf,D:\Desktop\SWC-Studio\data\v9_merged_dataset\pyramidal\swc\lab__202271_145_edited.swc,pyramidal,11926,1.0,1.0
lmeasure_rf,D:\Desktop\SWC-Studio\data\v9_merged_dataset\pyramidal\swc\lab__202401_203_edited.swc,pyramidal,43164,1.0,1.0
lmeasure_rf,D:\Desktop\SWC-Studio\data\v9_merged_dataset\pyramidal\swc\lab__202401_225_edited.swc,pyramidal,83508,1.0,1.0
lmeasure_rf,D:\Desktop\SWC-Studio\data\v9_merged_dataset\pyramidal\swc\lab__202404_036_edited.swc,pyramidal,21843,1.0,1.0
lmeasure_rf,D:\Desktop\SWC-Studio\data\v9_merged_dataset\pyramidal\swc\lab__202404_045_edited.swc,pyramidal,18201,1.0,1.0
lmeasure_rf,D:\Desktop\SWC-Studio\data\v9_merged_dataset\pyramidal\swc\lab__202405_004_edited.swc,pyramidal,65357,1.0,1.0
lmeasure_rf,D:\Desktop\SWC-Studio\data\v9_merged_dataset\pyramidal\swc\lab__202409_001_edited.swc,pyramidal,60887,0.6486,0.7657
lmeasure_rf,D:\Desktop\SWC-Studio\data\v9_merged_dataset\pyramidal\swc\lab__202410_007_edited.swc,pyramidal,20007,1.0,1.0
lmeasure_rf,D:\Desktop\SWC-Studio\data\v9_merged_dataset\pyramidal\swc\lab__202411_007_edited.swc,pyramidal,18419,1.0,1.0
lmeasure_rf,D:\Desktop\SWC-Studio\data\v9_merged_dataset\pyramidal\swc\lab__202411_012_edited.swc,pyramidal,15817,1.0,1.0
lmeasure_rf,D:\Desktop\SWC-Studio\data\v9_merged_dataset\pyramidal\swc\lab__202412_095_edited.swc,pyramidal,48293,0.8863,0.9242
lmeasure_rf,D:\Desktop\SWC-Studio\data\v9_merged_dataset\pyramidal\swc\lab__202412_098_edited.swc,pyramidal,77461,1.0,1.0
lmeasure_rf,D:\Desktop\SWC-Studio\data\v9_merged_dataset\pyramidal\swc\lab__202413_067_edited.swc,pyramidal,39361,1.0,1.0
lmeasure_rf,D:\Desktop\SWC-Studio\data\v9_merged_dataset\pyramidal\swc\lab__202415_039_edited.swc,pyramidal,55687,1.0,1.0
lmeasure_rf,D:\Desktop\SWC-Studio\data\v9_merged_dataset\pyramidal\swc\lab__202417_002_edited.swc,pyramidal,47531,1.0,1.0
lmeasure_rf,D:\Desktop\SWC-Studio\data\v9_merged_dataset\pyramidal\swc\lab__202417_005_edited.swc,pyramidal,44351,1.0,1.0
lmeasure_rf,D:\Desktop\SWC-Studio\data\v9_merged_dataset\pyramidal\swc\lab__202417_043_edited.swc,pyramidal,11858,1.0,1.0
lmeasure_rf,D:\Desktop\SWC-Studio\data\v9_merged_dataset\pyramidal\swc\lab__202418_012_edited.swc,pyramidal,35096,1.0,1.0
lmeasure_rf,D:\Desktop\SWC-Studio\data\v9_merged_dataset\pyramidal\swc\lab__202423_023_edited.swc,pyramidal,28717,1.0,1.0
lmeasure_rf,D:\Desktop\SWC-Studio\data\v9_merged_dataset\pyramidal\swc\lab__202423_025_edited.swc,pyramidal,51714,1.0,1.0
lmeasure_rf,D:\Desktop\SWC-Studio\data\v9_merged_dataset\pyramidal\swc\lab__202426_009_edited.swc,pyramidal,66598,1.0,1.0
lmeasure_rf,D:\Desktop\SWC-Studio\data\v9_merged_dataset\pyramidal\swc\lab__202426_023_edited.swc,pyramidal,21107,0.7654,0.8436
lmeasure_rf,D:\Desktop\SWC-Studio\data\v9_merged_dataset\pyramidal\swc\lab__202426_024_edited.swc,pyramidal,17150,1.0,1.0
lmeasure_rf,D:\Desktop\SWC-Studio\data\v9_merged_dataset\pyramidal\swc\lab__202427_096_edited.swc,pyramidal,3506,0.5,0.6667
lmeasure_rf,D:\Desktop\SWC-Studio\data\v9_merged_dataset\pyramidal\swc\lab__202427_100_edited.swc,pyramidal,27091,1.0,1.0
lmeasure_rf,D:\Desktop\SWC-Studio\data\v9_merged_dataset\pyramidal\swc\lab__202497_007_edited.swc,pyramidal,46199,1.0,1.0
lmeasure_rf,D:\Desktop\SWC-Studio\data\v9_merged_dataset\pyramidal\swc\lab__202497_020_edited.swc,pyramidal,32754,1.0,1.0
lmeasure_rf,D:\Desktop\SWC-Studio\data\v9_merged_dataset\pyramidal\swc\lab__202498_005_edited.swc,pyramidal,37638,1.0,1.0
lmeasure_rf,D:\Desktop\SWC-Studio\data\v9_merged_dataset\pyramidal\swc\lab__202498_007_edited.swc,pyramidal,38402,1.0,1.0
lmeasure_rf,D:\Desktop\SWC-Studio\data\v9_merged_dataset\pyramidal\swc\lab__202498_008_edited.swc,pyramidal,26945,1.0,1.0
lmeasure_rf,D:\Desktop\SWC-Studio\data\v9_merged_dataset\pyramidal\swc\lab__202498_017_edited.swc,pyramidal,20894,1.0,1.0
lmeasure_rf,D:\Desktop\SWC-Studio\data\v9_merged_dataset\pyramidal\swc\lab__202498_018_edited.swc,pyramidal,15127,1.0,1.0
lmeasure_rf,D:\Desktop\SWC-Studio\data\v9_merged_dataset\pyramidal\swc\lab__202499_015_edited.swc,pyramidal,16220,1.0,1.0
lmeasure_rf,D:\Desktop\SWC-Studio\data\v9_merged_dataset\pyramidal\swc\lab__202499_016_edited.swc,pyramidal,34267,1.0,1.0
lmeasure_rf,D:\Desktop\SWC-Studio\data\v9_merged_dataset\pyramidal\swc\lab__202499_017_edited.swc,pyramidal,22802,1.0,1.0
lmeasure_rf,D:\Desktop\SWC-Studio\data\v9_merged_dataset\pyramidal\swc\lab__202499_018_edited.swc,pyramidal,48737,1.0,1.0
lmeasure_rf,D:\Desktop\SWC-Studio\data\v9_merged_dataset\pyramidal\swc\lab__202499_020_edited.swc,pyramidal,48925,1.0,1.0
lmeasure_rf,D:\Desktop\SWC-Studio\data\v9_merged_dataset\pyramidal\swc\lab__202499_023_edited.swc,pyramidal,44846,1.0,1.0
lmeasure_rf,D:\Desktop\SWC-Studio\data\v9_merged_dataset\pyramidal\swc\lab__202499_025_edited.swc,pyramidal,19061,1.0,1.0
lmeasure_rf,D:\Desktop\SWC-Studio\data\v9_merged_dataset\pyramidal\swc\lab__202501_013_edited.swc,pyramidal,36224,1.0,1.0
lmeasure_rf,D:\Desktop\SWC-Studio\data\v9_merged_dataset\pyramidal\swc\lab__202501_028_edited.swc,pyramidal,25508,1.0,1.0
lmeasure_rf,D:\Desktop\SWC-Studio\data\v9_merged_dataset\pyramidal\swc\lab__202501_029_edited.swc,pyramidal,50412,1.0,1.0
lmeasure_rf,D:\Desktop\SWC-Studio\data\v9_merged_dataset\pyramidal\swc\lab__202567_009_edited.swc,pyramidal,19557,1.0,1.0
lmeasure_rf,D:\Desktop\SWC-Studio\data\v9_merged_dataset\pyramidal\swc\lab__202664_011_edited.swc,pyramidal,29016,1.0,1.0
lmeasure_rf,D:\Desktop\SWC-Studio\data\v9_merged_dataset\pyramidal\swc\lab__202666_017_edited.swc,pyramidal,17262,1.0,1.0
lmeasure_rf,D:\Desktop\SWC-Studio\data\v9_merged_dataset\pyramidal\swc\lab__202666_020_edited.swc,pyramidal,15587,1.0,1.0
lmeasure_rf,D:\Desktop\SWC-Studio\data\v9_merged_dataset\pyramidal\swc\lab__202668_011_edited.swc,pyramidal,16951,1.0,1.0
lmeasure_rf,D:\Desktop\SWC-Studio\data\v9_merged_dataset\pyramidal\swc\lab__202669_005_edited.swc,pyramidal,31204,1.0,1.0
lmeasure_rf,D:\Desktop\SWC-Studio\data\v9_merged_dataset\pyramidal\swc\lab__202669_015_edited.swc,pyramidal,12021,1.0,1.0
lmeasure_rf,D:\Desktop\SWC-Studio\data\v9_merged_dataset\pyramidal\swc\lab__202669_018_edited.swc,pyramidal,14646,1.0,1.0
lmeasure_rf,D:\Desktop\SWC-Studio\data\v9_merged_dataset\pyramidal\swc\lab__202674_009_edited.swc,pyramidal,26981,1.0,1.0
lmeasure_rf,D:\Desktop\SWC-Studio\data\v9_merged_dataset\pyramidal\swc\lab__202674_032_edited.swc,pyramidal,25116,1.0,1.0
lmeasure_rf,D:\Desktop\SWC-Studio\data\v9_merged_dataset\pyramidal\swc\lab__202674_038_edited.swc,pyramidal,17212,1.0,1.0
lmeasure_rf,D:\Desktop\SWC-Studio\data\v9_merged_dataset\pyramidal\swc\lab__202679_018_edited.swc,pyramidal,10826,1.0,1.0
lmeasure_rf,D:\Desktop\SWC-Studio\data\v9_merged_dataset\pyramidal\swc\lab__202680_011_edited.swc,pyramidal,12491,1.0,1.0
lmeasure_rf,D:\Desktop\SWC-Studio\data\v9_merged_dataset\pyramidal\swc\lab__202680_018_edited.swc,pyramidal,30856,1.0,1.0
lmeasure_rf,D:\Desktop\SWC-Studio\data\v9_merged_dataset\pyramidal\swc\lab__202829_057_edited.swc,pyramidal,15510,1.0,1.0
lmeasure_rf,D:\Desktop\SWC-Studio\data\v9_merged_dataset\pyramidal\swc\lab__202829_062_edited.swc,pyramidal,13991,1.0,1.0
lmeasure_rf,D:\Desktop\SWC-Studio\data\v9_merged_dataset\pyramidal\swc\lab__202829_121_edited.swc,pyramidal,11462,1.0,1.0
lmeasure_rf,D:\Desktop\SWC-Studio\data\v9_merged_dataset\pyramidal\swc\lab__210012_002_edited.swc,pyramidal,37117,1.0,1.0
lmeasure_rf,D:\Desktop\SWC-Studio\data\v9_merged_dataset\pyramidal\swc\lab__210013_011_edited.swc,pyramidal,28886,1.0,1.0
lmeasure_rf,D:\Desktop\SWC-Studio\data\v9_merged_dataset\pyramidal\swc\lab__210014_048_edited.swc,pyramidal,40721,1.0,1.0
lmeasure_rf,D:\Desktop\SWC-Studio\data\v9_merged_dataset\pyramidal\swc\lab__210014_066_edited.swc,pyramidal,38163,1.0,1.0
lmeasure_rf,D:\Desktop\SWC-Studio\data\v9_merged_dataset\pyramidal\swc\lab__210014_074_edited.swc,pyramidal,26033,1.0,1.0
lmeasure_rf,D:\Desktop\SWC-Studio\data\v9_merged_dataset\pyramidal\swc\lab__210014_079_edited.swc,pyramidal,24852,1.0,1.0
lmeasure_rf,D:\Desktop\SWC-Studio\data\v9_merged_dataset\pyramidal\swc\lab__210107_011_edited.swc,pyramidal,57408,1.0,1.0
lmeasure_rf,D:\Desktop\SWC-Studio\data\v9_merged_dataset\pyramidal\swc\lab__210107_029_edited.swc,pyramidal,12726,0.3333,0.5
lmeasure_rf,D:\Desktop\SWC-Studio\data\v9_merged_dataset\pyramidal\swc\lab__210109_026_edited.swc,pyramidal,13889,1.0,1.0
lmeasure_rf,D:\Desktop\SWC-Studio\data\v9_merged_dataset\pyramidal\swc\lab__210110_003_edited.swc,pyramidal,26920,1.0,1.0
lmeasure_rf,D:\Desktop\SWC-Studio\data\v9_merged_dataset\pyramidal\swc\lab__210110_024_edited.swc,pyramidal,18167,1.0,1.0
lmeasure_rf,D:\Desktop\SWC-Studio\data\v9_merged_dataset\pyramidal\swc\lab__210110_034_edited.swc,pyramidal,21694,1.0,1.0
lmeasure_rf,D:\Desktop\SWC-Studio\data\v9_merged_dataset\pyramidal\swc\lab__210111_016_edited.swc,pyramidal,25883,0.6122,0.7091
lmeasure_rf,D:\Desktop\SWC-Studio\data\v9_merged_dataset\pyramidal\swc\lab__210111_074_edited.swc,pyramidal,44841,0.8213,0.8809
lmeasure_rf,D:\Desktop\SWC-Studio\data\v9_merged_dataset\pyramidal\swc\lab__210111_160_edited.swc,pyramidal,31310,1.0,1.0
lmeasure_rf,D:\Desktop\SWC-Studio\data\v9_merged_dataset\pyramidal\swc\lab__210111_166_edited.swc,pyramidal,13423,1.0,1.0
lmeasure_rf,D:\Desktop\SWC-Studio\data\v9_merged_dataset\pyramidal\swc\lab__210111_190_edited.swc,pyramidal,14632,1.0,1.0
lmeasure_rf,D:\Desktop\SWC-Studio\data\v9_merged_dataset\pyramidal\swc\lab__210248_012_edited.swc,pyramidal,66197,0.5623,0.6717
lmeasure_rf,D:\Desktop\SWC-Studio\data\v9_merged_dataset\pyramidal\swc\lab__210248_013_edited.swc,pyramidal,48435,1.0,1.0
lmeasure_rf,D:\Desktop\SWC-Studio\data\v9_merged_dataset\pyramidal\swc\lab__210251_056_edited.swc,pyramidal,46250,1.0,1.0
lmeasure_rf,D:\Desktop\SWC-Studio\data\v9_merged_dataset\pyramidal\swc\lab__210253_015_edited.swc,pyramidal,28364,1.0,1.0
lmeasure_rf,D:\Desktop\SWC-Studio\data\v9_merged_dataset\pyramidal\swc\lab__210253_024_edited.swc,pyramidal,38697,1.0,1.0
lmeasure_rf,D:\Desktop\SWC-Studio\data\v9_merged_dataset\pyramidal\swc\lab__210253_026_edited.swc,pyramidal,24482,1.0,1.0
lmeasure_rf,D:\Desktop\SWC-Studio\data\v9_merged_dataset\pyramidal\swc\neuromorpho__09_13_16_1_5.swc,pyramidal,5993,1.0,1.0
lmeasure_rf,D:\Desktop\SWC-Studio\data\v9_merged_dataset\pyramidal\swc\neuromorpho__10209c1.swc,pyramidal,1935,0.2099,0.4075
lmeasure_rf,D:\Desktop\SWC-Studio\data\v9_merged_dataset\pyramidal\swc\neuromorpho__10223c4.swc,pyramidal,1944,0.2443,0.4332
lmeasure_rf,D:\Desktop\SWC-Studio\data\v9_merged_dataset\pyramidal\swc\neuromorpho__10315c1.swc,pyramidal,915,0.1525,0.3643
lmeasure_rf,D:\Desktop\SWC-Studio\data\v9_merged_dataset\pyramidal\swc\neuromorpho__10331c1.swc,pyramidal,1597,0.1752,0.3814
lmeasure_rf,D:\Desktop\SWC-Studio\data\v9_merged_dataset\pyramidal\swc\neuromorpho__10506c3.swc,pyramidal,3175,1.0,1.0
lmeasure_rf,D:\Desktop\SWC-Studio\data\v9_merged_dataset\pyramidal\swc\neuromorpho__10507c1.swc,pyramidal,3315,0.5834,0.6875
lmeasure_rf,D:\Desktop\SWC-Studio\data\v9_merged_dataset\pyramidal\swc\neuromorpho__10o27c2.swc,pyramidal,1687,0.543,0.6573
lmeasure_rf,D:\Desktop\SWC-Studio\data\v9_merged_dataset\pyramidal\swc\neuromorpho__11224c3.swc,pyramidal,1239,0.1877,0.4584
lmeasure_rf,D:\Desktop\SWC-Studio\data\v9_merged_dataset\pyramidal\swc\neuromorpho__11324c1.swc,pyramidal,1490,0.5926,0.6945
lmeasure_rf,D:\Desktop\SWC-Studio\data\v9_merged_dataset\pyramidal\swc\neuromorpho__11615c1.swc,pyramidal,2048,1.0,1.0
lmeasure_rf,D:\Desktop\SWC-Studio\data\v9_merged_dataset\pyramidal\swc\neuromorpho__12_den_ax.swc,pyramidal,81086,1.0,1.0
lmeasure_rf,D:\Desktop\SWC-Studio\data\v9_merged_dataset\pyramidal\swc\neuromorpho__13_08_13_-2_Cell_-2.swc,pyramidal,31729,1.0,1.0
lmeasure_rf,D:\Desktop\SWC-Studio\data\v9_merged_dataset\pyramidal\swc\neuromorpho__207B-1-L3.swc,pyramidal,1389,0.2237,0.4178
lmeasure_rf,D:\Desktop\SWC-Studio\data\v9_merged_dataset\pyramidal\swc\neuromorpho__22315_cell4.swc,pyramidal,1024,1.0,1.0
lmeasure_rf,D:\Desktop\SWC-Studio\data\v9_merged_dataset\pyramidal\swc\neuromorpho__22315_cell5.swc,pyramidal,1143,1.0,1.0
lmeasure_rf,D:\Desktop\SWC-Studio\data\v9_merged_dataset\pyramidal\swc\neuromorpho__22411_cell12.swc,pyramidal,979,1.0,1.0
lmeasure_rf,D:\Desktop\SWC-Studio\data\v9_merged_dataset\pyramidal\swc\neuromorpho__236-1a-12-AW.swc,pyramidal,289,0.5868,0.6901
lmeasure_rf,D:\Desktop\SWC-Studio\data\v9_merged_dataset\pyramidal\swc\neuromorpho__236-2-100LS.swc,pyramidal,407,1.0,1.0
lmeasure_rf,D:\Desktop\SWC-Studio\data\v9_merged_dataset\pyramidal\swc\neuromorpho__236-2-16LS.swc,pyramidal,645,1.0,1.0
lmeasure_rf,D:\Desktop\SWC-Studio\data\v9_merged_dataset\pyramidal\swc\neuromorpho__236-2-21LS.swc,pyramidal,581,1.0,1.0
lmeasure_rf,D:\Desktop\SWC-Studio\data\v9_merged_dataset\pyramidal\swc\neuromorpho__236-2-45LS.swc,pyramidal,544,0.578,0.6835
lmeasure_rf,D:\Desktop\SWC-Studio\data\v9_merged_dataset\pyramidal\swc\neuromorpho__236-2-47LS.swc,pyramidal,755,1.0,1.0
lmeasure_rf,D:\Desktop\SWC-Studio\data\v9_merged_dataset\pyramidal\swc\neuromorpho__236-2-4LS.swc,pyramidal,357,1.0,1.0
lmeasure_rf,D:\Desktop\SWC-Studio\data\v9_merged_dataset\pyramidal\swc\neuromorpho__236-2-51LS.swc,pyramidal,506,1.0,1.0
lmeasure_rf,D:\Desktop\SWC-Studio\data\v9_merged_dataset\pyramidal\swc\neuromorpho__236-2-61LS.swc,pyramidal,602,1.0,1.0
lmeasure_rf,D:\Desktop\SWC-Studio\data\v9_merged_dataset\pyramidal\swc\neuromorpho__236-2-63LS.swc,pyramidal,506,1.0,1.0
lmeasure_rf,D:\Desktop\SWC-Studio\data\v9_merged_dataset\pyramidal\swc\neuromorpho__236-2-66LS.swc,pyramidal,461,1.0,1.0
lmeasure_rf,D:\Desktop\SWC-Studio\data\v9_merged_dataset\pyramidal\swc\neuromorpho__236-2-68LS.swc,pyramidal,573,1.0,1.0
lmeasure_rf,D:\Desktop\SWC-Studio\data\v9_merged_dataset\pyramidal\swc\neuromorpho__236-2-82LS.swc,pyramidal,555,1.0,1.0
lmeasure_rf,D:\Desktop\SWC-Studio\data\v9_merged_dataset\pyramidal\swc\neuromorpho__236-2-92LS.swc,pyramidal,54,1.0,1.0
lmeasure_rf,D:\Desktop\SWC-Studio\data\v9_merged_dataset\pyramidal\swc\neuromorpho__236-2-96LS.swc,pyramidal,456,1.0,1.0
lmeasure_rf,D:\Desktop\SWC-Studio\data\v9_merged_dataset\pyramidal\swc\neuromorpho__236-2a-13-AW.swc,pyramidal,577,1.0,1.0
lmeasure_rf,D:\Desktop\SWC-Studio\data\v9_merged_dataset\pyramidal\swc\neuromorpho__236-2a-25-AW.swc,pyramidal,452,1.0,1.0
lmeasure_rf,D:\Desktop\SWC-Studio\data\v9_merged_dataset\pyramidal\swc\neuromorpho__236-2a-41-AW.swc,pyramidal,428,1.0,1.0
lmeasure_rf,D:\Desktop\SWC-Studio\data\v9_merged_dataset\pyramidal\swc\neuromorpho__236-2a-5-AW.swc,pyramidal,592,1.0,1.0
lmeasure_rf,D:\Desktop\SWC-Studio\data\v9_merged_dataset\pyramidal\swc\neuromorpho__236-2a-52-AW.swc,pyramidal,402,1.0,1.0
lmeasure_rf,D:\Desktop\SWC-Studio\data\v9_merged_dataset\pyramidal\swc\neuromorpho__236-2a-53-AW.swc,pyramidal,292,1.0,1.0
lmeasure_rf,D:\Desktop\SWC-Studio\data\v9_merged_dataset\pyramidal\swc\neuromorpho__236-2a-57-AW.swc,pyramidal,497,1.0,1.0
lmeasure_rf,D:\Desktop\SWC-Studio\data\v9_merged_dataset\pyramidal\swc\neuromorpho__236-2a-6-AW.swc,pyramidal,532,1.0,1.0
lmeasure_rf,D:\Desktop\SWC-Studio\data\v9_merged_dataset\pyramidal\swc\neuromorpho__236-3-31LS.swc,pyramidal,900,0.6612,0.7459
lmeasure_rf,D:\Desktop\SWC-Studio\data\v9_merged_dataset\pyramidal\swc\neuromorpho__236-3-51LS.swc,pyramidal,300,0.6242,0.7181
lmeasure_rf,D:\Desktop\SWC-Studio\data\v9_merged_dataset\pyramidal\swc\neuromorpho__236-3-65LS.swc,pyramidal,633,1.0,1.0
lmeasure_rf,D:\Desktop\SWC-Studio\data\v9_merged_dataset\pyramidal\swc\neuromorpho__236-3-67LS.swc,pyramidal,820,1.0,1.0
lmeasure_rf,D:\Desktop\SWC-Studio\data\v9_merged_dataset\pyramidal\swc\neuromorpho__236-3-69LS.swc,pyramidal,478,1.0,1.0
lmeasure_rf,D:\Desktop\SWC-Studio\data\v9_merged_dataset\pyramidal\swc\neuromorpho__236-3-8LS.swc,pyramidal,731,0.4969,0.6646
lmeasure_rf,D:\Desktop\SWC-Studio\data\v9_merged_dataset\pyramidal\swc\neuromorpho__241-1-2VN.swc,pyramidal,1077,0.6222,0.7167
lmeasure_rf,D:\Desktop\SWC-Studio\data\v9_merged_dataset\pyramidal\swc\neuromorpho__241-1-40VN.swc,pyramidal,914,0.6656,0.7492
lmeasure_rf,D:\Desktop\SWC-Studio\data\v9_merged_dataset\pyramidal\swc\neuromorpho__241-1-43VN.swc,pyramidal,360,0.3578,0.5719
lmeasure_rf,D:\Desktop\SWC-Studio\data\v9_merged_dataset\pyramidal\swc\neuromorpho__241-1-44VN.swc,pyramidal,774,0.6385,0.7289
lmeasure_rf,D:\Desktop\SWC-Studio\data\v9_merged_dataset\pyramidal\swc\neuromorpho__241-1-6VN.swc,pyramidal,651,0.8791,0.9194
lmeasure_rf,D:\Desktop\SWC-Studio\data\v9_merged_dataset\pyramidal\swc\neuromorpho__241-2-11VN.swc,pyramidal,520,1.0,1.0
lmeasure_rf,D:\Desktop\SWC-Studio\data\v9_merged_dataset\pyramidal\swc\neuromorpho__241-2-18VN.swc,pyramidal,918,0.5969,0.6977
lmeasure_rf,D:\Desktop\SWC-Studio\data\v9_merged_dataset\pyramidal\swc\neuromorpho__241-2-22VN.swc,pyramidal,682,1.0,1.0
lmeasure_rf,D:\Desktop\SWC-Studio\data\v9_merged_dataset\pyramidal\swc\neuromorpho__241-2-2VN.swc,pyramidal,392,0.6195,0.7146
lmeasure_rf,D:\Desktop\SWC-Studio\data\v9_merged_dataset\pyramidal\swc\neuromorpho__241-2-35VN.swc,pyramidal,411,0.8272,0.8848
lmeasure_rf,D:\Desktop\SWC-Studio\data\v9_merged_dataset\pyramidal\swc\neuromorpho__241-2-49-AW.swc,pyramidal,347,0.6649,0.7487
